,Zn,Cu,Li,Fe,Ni,NH4,SO4,NO3
4497.44979,0,0,0,0,0,0,0,0
4495.52121,0,0,0,0,0,0,0,0
4493.59263,0,0,0,0,0,0,0,0
4491.66404,0,0,0,0,0,0,0,0
4489.73546,0,0,0,0,0,0,0,0
4487.80688,0,0,0,0,0,1,0,0
4485.8783,0,0,0,0,0,0,0,0
4483.94972,0,0,0,0,0,0,0,0
4482.02114,0,0,0,0,0,0,0,0
4480.09256,0,0,0,0,0,0,0,0
4478.16398,0,0,0,0,0,0,0,0
4476.2354,0,0,0,0,0,0,0,0
4474.30682,0,0,0,0,0,0,0,0
4472.37824,0,0,0,0,0,0,0,0
4470.44966,0,0,0,0,0,0,0,0
4468.52108,0,0,0,0,0,0,0,0
4466.5925,0,0,0,0,0,0,0,0
4464.66392,0,0,0,0,0,0,0,0
4462.73534,0,0,0,0,0,0,1,0
4460.80676,0,0,0,0,1,0,0,0
4458.87818,0,0,0,0,0,0,0,0
4456.9496,0,0,0,0,0,0,0,0
4455.02101,0,0,0,0,0,0,0,0
4453.09243,0,0,0,0,0,0,0,0
4451.16385,0,0,0,0,0,0,0,0
4449.23527,0,0,0,0,0,0,0,0
4447.30669,0,0,0,0,0,0,0,0
4445.37811,0,0,0,0,0,0,0,0
4443.44953,0,0,0,0,0,0,0,0
4441.52095,0,0,0,0,0,0,0,0
4439.59237,0,0,0,0,0,0,0,0
4437.66379,0,0,0,0,0,0,0,0
4435.73521,0,0,0,0,0,0,0,0
4433.80663,0,0,0,0,0,0,0,0
4431.87805,0,0,0,0,0,0,0,0
4429.94947,0,0,0,0,0,0,0,0
4428.02089,0,0,0,0,0,0,0,0
4426.09231,0,0,0,0,0,0,0,0
4424.16373,0,0,0,0,0,0,0,0
4422.23515,0,0,0,0,0,0,0,0
4420.30657,0,0,0,0,0,0,0,0
4418.37798,0,0,0,0,0,0,0,0
4416.4494,0,0,0,0,0,0,0,0
4414.52082,0,0,0,0,0,0,0,0
4412.59224,0,0,0,0,0,0,0,0
4410.66366,0,0,0,0,0,0,0,0
4408.73508,0,0,0,0,0,0,0,0
4406.8065,0,0,0,0,0,0,0,0
4404.87792,0,0,0,0,0,0,0,0
4402.94934,0,0,0,0,0,0,0,0
4401.02076,0,0,0,0,0,0,0,0
4399.09218,0,0,0,0,0,0,0,0
4397.1636,0,0,0,0,0,0,0,0
4395.23502,0,0,0,0,0,0,0,0
4393.30644,0,0,0,0,0,0,0,0
4391.37786,0,0,0,0,0,0,0,0
4389.44928,0,0,0,0,0,0,0,0
4387.5207,0,0,0,0,0,0,0,0
4385.59212,0,0,0,0,0,0,0,0
4383.66354,0,0,0,0,0,0,0,0
4381.73495,0,0,0,0,0,0,0,0
4379.80637,0,0,0,0,0,0,0,0
4377.87779,0,0,0,0,0,0,0,0
4375.94921,0,0,0,0,0,0,0,0
4374.02063,0,0,0,0,0,0,0,0
4372.09205,0,0,0,0,0,0,0,0
4370.16347,0,0,0,0,0,0,0,0
4368.23489,0,0,0,0,0,0,0,0
4366.30631,0,0,0,0,0,0,0,0
4364.37773,0,0,0,0,0,0,0,0
4362.44915,0,0,0,0,0,0,0,0
4360.52057,0,0,0,0,0,0,0,0
4358.59199,0,0,0,0,0,0,0,0
4356.66341,0,0,0,0,0,0,0,0
4354.73483,0,0,0,0,0,0,0,0
4352.80625,0,0,0,0,0,0,0,0
4350.87767,0,0,0,0,0,0,0,0
4348.94909,0,0,0,0,0,0,0,0
4347.02051,0,0,0,0,0,0,0,0
4345.09192,0,0,0,0,0,0,0,0
4343.16334,0,0,0,0,0,0,0,0
4341.23476,0,0,0,0,0,0,0,0
4339.30618,0,0,0,0,0,0,0,0
4337.3776,0,0,0,0,0,0,0,0
4335.44902,0,0,0,0,0,0,0,0
4333.52044,0,0,0,0,0,0,0,0
4331.59186,0,0,0,0,0,0,0,0
4329.66328,0,0,0,0,0,0,0,0
4327.7347,0,0,0,0,0,0,0,0
4325.80612,0,0,0,0,0,0,0,0
4323.87754,0,0,0,0,0,0,0,0
4321.94896,0,0,0,0,0,0,0,0
4320.02038,0,0,0,0,0,0,0,0
4318.0918,0,0,0,0,0,0,0,0
4316.16322,0,0,0,0,0,0,0,0
4314.23464,0,0,0,0,0,0,0,0
4312.30606,0,0,0,0,0,0,0,0
4310.37748,0,0,0,0,0,0,0,0
4308.44889,0,0,0,0,0,0,0,0
4306.52031,0,0,0,0,0,0,0,0
4304.59173,0,0,0,0,0,0,0,0
4302.66315,0,0,0,0,0,0,0,0
4300.73457,0,0,0,0,0,0,0,0
4298.80599,0,0,0,0,0,0,0,0
4296.87741,0,0,0,0,0,0,0,0
4294.94883,0,0,0,0,0,0,0,0
4293.02025,0,0,0,0,0,0,0,0
4291.09167,0,0,0,0,0,0,0,0
4289.16309,0,0,0,0,0,0,0,0
4287.23451,0,0,0,0,0,0,0,0
4285.30593,0,0,0,0,0,0,0,0
4283.37735,0,0,0,0,0,0,0,0
4281.44877,0,0,0,0,0,0,0,0
4279.52019,0,0,0,0,0,0,0,0
4277.59161,0,0,0,0,0,0,0,0
4275.66303,0,0,0,0,0,0,0,0
4273.73445,0,0,0,0,0,0,0,0
4271.80586,0,0,0,0,0,0,0,0
4269.87728,0,0,0,0,0,0,0,0
4267.9487,0,0,0,0,0,0,0,0
4266.02012,0,0,0,0,0,0,0,0
4264.09154,0,0,0,0,0,0,0,0
4262.16296,0,0,0,0,0,0,0,0
4260.23438,0,0,0,0,0,0,0,0
4258.3058,0,0,0,0,0,0,0,0
4256.37722,0,0,0,0,0,0,0,0
4254.44864,0,0,0,0,0,0,0,0
4252.52006,0,0,0,0,0,0,0,0
4250.59148,0,0,0,0,0,0,0,0
4248.6629,0,0,0,0,0,0,0,0
4246.73432,0,0,0,0,0,0,0,0
4244.80574,0,0,0,0,0,0,0,0
4242.87716,0,0,0,0,0,0,0,0
4240.94858,0,0,0,0,0,0,0,0
4239.02,0,0,0,0,0,0,0,0
4237.09142,0,0,0,0,0,0,0,0
4235.16283,0,0,0,0,0,0,0,0
4233.23425,0,0,0,0,0,0,0,0
4231.30567,0,0,0,0,0,0,0,0
4229.37709,0,0,0,0,0,0,0,0
4227.44851,0,0,0,0,0,0,0,0
4225.51993,0,0,0,0,0,0,0,0
4223.59135,0,0,0,0,0,0,0,0
4221.66277,0,0,0,1,0,0,0,0
4219.73419,0,0,0,0,0,0,0,0
4217.80561,0,0,0,0,0,0,0,0
4215.87703,0,0,0,0,0,0,0,0
4213.94845,0,0,0,0,0,0,0,0
4212.01987,0,0,0,0,0,0,0,0
4210.09129,0,0,0,0,0,0,0,0
4208.16271,0,0,0,0,0,0,0,0
4206.23413,0,0,0,0,0,0,0,0
4204.30555,0,1,0,0,0,0,0,0
4202.37697,0,0,0,0,0,0,0,0
4200.44839,0,0,0,0,0,0,0,0
4198.5198,0,0,0,0,0,0,0,0
4196.59122,0,0,0,0,0,0,0,0
4194.66264,0,0,0,0,0,0,0,0
4192.73406,0,0,0,0,0,0,0,0
4190.80548,0,0,0,0,0,0,0,0
4188.8769,0,0,0,0,0,0,0,0
4186.94832,0,0,0,0,0,0,0,0
4185.01974,0,0,0,0,0,0,0,0
4183.09116,0,0,0,0,0,0,0,0
4181.16258,0,0,0,0,0,0,0,0
4179.234,0,0,0,0,0,0,0,0
4177.30542,0,0,0,0,0,0,0,0
4175.37684,1,0,0,0,0,0,0,0
4173.44826,0,0,0,0,0,0,0,0
4171.51968,0,0,0,0,0,0,0,0
4169.5911,0,0,0,0,0,0,0,0
4167.66252,0,0,0,0,0,0,0,0
4165.73394,0,0,0,0,0,0,0,0
4163.80536,0,0,0,0,0,0,0,0
4161.87677,0,0,0,0,0,0,0,0
4159.94819,0,0,0,0,0,0,0,0
4158.01961,0,0,0,0,0,0,0,0
4156.09103,0,0,0,0,0,0,0,1
4154.16245,0,0,0,0,0,0,0,0
4152.23387,0,0,0,0,0,0,0,0
4150.30529,0,0,0,0,0,0,0,0
4148.37671,0,0,0,0,0,0,0,0
4146.44813,0,0,0,0,0,0,0,0
4144.51955,0,0,0,0,0,0,0,0
4142.59097,0,0,0,0,0,0,0,0
4140.66239,0,0,0,0,0,0,0,0
4138.73381,0,0,0,0,0,0,0,0
4136.80523,0,0,0,0,0,0,0,0
4134.87665,0,0,0,0,0,0,0,0
4132.94807,0,0,0,0,0,0,0,0
4131.01949,0,0,0,0,0,0,0,0
4129.09091,0,0,0,0,0,0,0,0
4127.16233,0,0,0,0,0,0,0,0
4125.23374,0,0,0,0,0,0,0,0
4123.30516,0,0,0,0,0,0,0,0
4121.37658,0,0,1,0,0,0,0,0
4119.448,0,0,0,0,0,0,0,0
4117.51942,0,0,0,0,0,0,0,0
4115.59084,0,0,0,0,0,0,0,0
4113.66226,0,0,0,0,0,0,0,0
4111.73368,0,0,0,0,0,0,0,0
4109.8051,0,0,0,0,0,0,0,0
4107.87652,0,0,0,0,0,0,0,0
4105.94794,0,0,0,0,0,0,0,0
4104.01936,0,0,0,0,0,0,0,0
4102.09078,0,0,0,0,0,0,0,0
4100.1622,0,0,0,0,0,0,0,0
4098.23362,0,0,0,0,0,0,0,0
4096.30504,0,0,0,0,0,0,0,0
4094.37646,0,0,0,0,0,0,0,0
4092.44788,0,0,0,0,0,0,0,0
4090.5193,0,0,0,0,0,0,0,0
4088.59071,0,0,0,0,0,0,0,0
4086.66213,0,0,0,0,0,0,0,0
4084.73355,0,0,0,0,0,0,0,0
4082.80497,0,0,0,0,0,0,0,0
4080.87639,0,0,0,0,0,0,0,0
4078.94781,0,0,0,0,0,0,0,0
4077.01923,0,0,0,0,0,0,0,0
4075.09065,0,0,0,0,0,0,0,0
4073.16207,0,0,0,0,0,0,0,0
4071.23349,0,0,0,0,0,0,0,0
4069.30491,0,0,0,0,0,0,0,0
4067.37633,0,0,0,0,0,0,0,0
4065.44775,0,0,0,0,0,0,0,0
4063.51917,0,0,0,0,0,1,0,0
4061.59059,0,0,0,0,0,0,0,0
4059.66201,0,0,0,0,0,0,0,0
4057.73343,0,0,0,0,0,0,0,0
4055.80485,0,0,0,0,0,0,0,0
4053.87627,0,0,0,0,0,0,0,0
4051.94768,0,0,0,0,0,0,0,0
4050.0191,0,0,0,0,0,0,0,0
4048.09052,0,0,0,0,0,0,0,0
4046.16194,0,0,0,0,0,0,0,0
4044.23336,0,0,0,0,0,0,0,0
4042.30478,0,0,0,0,0,0,0,0
4040.3762,0,0,0,0,0,0,0,0
4038.44762,0,0,0,0,0,0,0,0
4036.51904,0,0,0,0,0,0,0,0
4034.59046,0,0,0,0,0,0,0,0
4032.66188,0,0,0,0,0,0,0,0
4030.7333,0,0,0,0,0,0,0,0
4028.80472,0,0,0,0,0,0,0,0
4026.87614,0,0,0,0,0,0,0,0
4024.94756,0,0,0,0,0,0,0,0
4023.01898,0,0,0,0,0,0,0,0
4021.0904,0,0,0,0,0,0,0,0
4019.16182,0,0,0,0,0,0,0,0
4017.23324,0,0,0,0,0,0,0,0
4015.30465,0,0,0,0,0,0,0,0
4013.37607,0,0,0,0,0,0,0,0
4011.44749,0,0,0,0,0,0,0,0
4009.51891,0,0,0,0,0,0,0,0
4007.59033,0,0,0,0,0,0,0,0
4005.66175,0,0,0,0,0,0,0,0
4003.73317,0,0,0,0,0,0,0,0
4001.80459,0,0,0,0,0,0,0,0
3999.87601,0,0,0,0,0,0,0,0
3997.94743,0,0,0,0,0,0,0,0
3996.01885,0,0,0,0,0,0,0,0
3994.09027,0,0,0,0,0,0,0,0
3992.16169,0,0,0,0,0,0,0,0
3990.23311,0,0,0,0,0,0,0,0
3988.30453,0,0,0,0,0,0,0,0
3986.37595,0,0,0,0,0,0,0,0
3984.44737,0,0,0,0,0,0,0,0
3982.51879,0,0,0,0,0,0,0,0
3980.59021,0,0,0,0,0,0,0,0
3978.66162,0,0,0,0,0,0,0,0
3976.73304,0,0,0,0,0,0,0,0
3974.80446,0,0,0,0,0,0,0,0
3972.87588,0,0,0,0,0,0,0,0
3970.9473,0,0,0,0,0,0,0,0
3969.01872,0,0,0,0,0,0,0,0
3967.09014,0,0,0,0,0,0,0,0
3965.16156,0,0,0,0,0,0,0,0
3963.23298,0,0,0,0,0,0,0,0
3961.3044,0,0,0,0,0,0,0,0
3959.37582,0,0,0,0,0,0,0,0
3957.44724,0,0,0,0,0,0,0,0
3955.51866,0,0,0,0,0,0,0,0
3953.59008,0,0,0,0,0,0,0,0
3951.6615,0,0,0,0,0,0,0,0
3949.73292,0,0,0,0,0,0,0,0
3947.80434,0,0,0,0,0,0,0,0
3945.87576,0,0,0,0,0,0,0,0
3943.94718,0,0,0,0,0,0,0,0
3942.01859,0,0,0,0,0,0,0,0
3940.09001,0,0,1,0,0,0,0,0
3938.16143,0,1,0,0,0,0,0,0
3936.23285,0,0,0,0,0,0,0,0
3934.30427,0,0,0,0,0,0,0,0
3932.37569,0,0,0,0,0,0,0,0
3930.44711,0,0,0,0,0,0,0,0
3928.51853,0,0,0,1,0,0,0,0
3926.58995,0,0,0,0,0,0,0,0
3924.66137,0,0,0,0,0,0,0,0
3922.73279,0,0,0,0,0,0,0,0
3920.80421,0,0,0,0,0,0,0,0
3918.87563,0,0,0,0,0,0,0,0
3916.94705,0,0,0,0,0,0,0,0
3915.01847,0,0,0,0,0,0,0,0
3913.08989,0,0,0,0,0,0,0,0
3911.16131,0,0,0,1,0,0,0,0
3909.23273,1,0,0,0,0,0,0,1
3907.30415,0,0,0,0,0,0,0,0
3905.37556,0,0,0,0,0,0,0,0
3903.44698,0,0,0,0,0,0,0,0
3901.5184,0,0,0,0,0,0,0,0
3899.58982,0,0,0,0,0,0,0,0
3897.66124,0,0,0,0,0,0,0,0
3895.73266,0,1,0,0,0,0,0,1
3893.80408,0,0,0,0,0,0,0,0
3891.8755,0,0,0,0,0,0,0,0
3889.94692,0,0,0,0,0,0,0,0
3888.01834,0,0,0,0,0,0,0,0
3886.08976,0,0,0,0,0,0,0,0
3884.16118,0,0,0,0,0,0,0,0
3882.2326,0,0,0,0,0,0,0,0
3880.30402,0,0,0,0,0,0,0,0
3878.37544,0,0,0,0,0,0,0,0
3876.44686,0,0,0,0,0,0,0,0
3874.51828,0,0,0,0,0,0,0,0
3872.5897,0,0,0,0,0,0,0,0
3870.66112,0,0,0,0,0,0,0,0
3868.73253,0,0,0,0,0,0,0,0
3866.80395,0,0,0,0,0,0,0,0
3864.87537,0,0,0,0,0,0,0,0
3862.94679,0,0,0,0,0,0,0,0
3861.01821,0,0,0,0,0,0,0,0
3859.08963,0,0,0,0,0,0,0,0
3857.16105,0,0,0,0,0,0,0,1
3855.23247,0,0,0,0,0,0,0,0
3853.30389,0,0,0,0,0,0,0,0
3851.37531,0,0,0,0,0,0,0,1
3849.44673,0,0,0,0,0,0,0,0
3847.51815,0,0,0,0,0,0,0,0
3845.58957,0,0,0,0,0,0,0,0
3843.66099,0,0,0,0,0,0,0,0
3841.73241,0,0,0,0,0,0,0,0
3839.80383,0,0,0,0,0,0,0,0
3837.87525,0,0,0,0,0,0,0,0
3835.94667,0,0,0,0,0,0,0,0
3834.01809,0,0,0,0,0,0,0,0
3832.0895,0,0,0,0,0,0,0,0
3830.16092,0,0,0,0,0,0,0,0
3828.23234,0,0,0,0,0,0,0,0
3826.30376,0,0,0,0,0,0,0,0
3824.37518,0,0,0,0,0,0,0,0
3822.4466,0,0,0,1,0,0,0,0
3820.51802,0,0,1,0,0,0,0,0
3818.58944,0,0,0,0,0,0,0,0
3816.66086,0,0,0,0,0,0,0,0
3814.73228,0,0,1,1,0,0,0,0
3812.8037,0,0,0,0,0,0,0,0
3810.87512,0,0,0,0,0,0,0,0
3808.94654,0,0,1,0,0,0,0,0
3807.01796,0,0,0,0,0,0,0,0
3805.08938,0,1,0,0,0,0,0,0
3803.1608,0,0,0,0,0,0,0,0
3801.23222,0,0,0,0,0,0,0,0
3799.30364,0,0,0,0,0,0,0,0
3797.37506,0,0,0,0,0,0,0,0
3795.44647,0,0,0,0,0,0,0,0
3793.51789,0,0,0,0,0,0,0,0
3791.58931,0,0,0,0,0,0,0,0
3789.66073,0,0,0,0,0,0,0,0
3787.73215,0,0,0,0,0,0,0,0
3785.80357,0,0,0,0,0,0,0,0
3783.87499,1,0,0,0,0,0,0,0
3781.94641,0,0,0,0,0,0,0,0
3780.01783,0,0,0,0,0,0,0,0
3778.08925,0,0,0,0,0,0,0,0
3776.16067,0,0,0,0,0,0,0,0
3774.23209,0,0,0,0,1,1,1,0
3772.30351,0,0,0,0,0,0,0,0
3770.37493,0,0,0,0,0,0,0,0
3768.44635,0,0,0,0,0,0,0,0
3766.51777,0,0,0,0,0,0,0,0
3764.58919,0,0,0,0,0,1,0,0
3762.66061,0,0,0,0,0,0,0,0
3760.73203,0,0,0,0,1,0,1,0
3758.80344,0,0,0,0,0,0,0,0
3756.87486,1,0,0,0,0,0,0,0
3754.94628,0,0,0,0,0,0,0,0
3753.0177,0,0,0,0,0,0,0,0
3751.08912,0,0,0,0,0,0,0,1
3749.16054,1,1,0,0,0,0,0,0
3747.23196,0,0,0,0,0,0,0,0
3745.30338,0,0,0,0,1,0,1,0
3743.3748,0,0,0,0,0,0,0,0
3741.44622,0,0,0,0,0,1,0,0
3739.51764,0,0,0,0,0,0,0,0
3737.58906,0,0,0,0,0,0,0,0
3735.66048,0,0,0,0,0,0,0,0
3733.7319,0,0,0,0,0,0,0,0
3731.80332,0,0,0,1,0,0,0,0
3729.87474,0,0,1,0,0,0,0,0
3727.94616,0,0,0,0,0,0,0,0
3726.01758,0,0,0,0,0,0,0,0
3724.089,0,0,0,0,0,0,0,0
3722.16041,0,0,0,0,0,0,0,0
3720.23183,0,0,0,0,0,0,0,0
3718.30325,0,0,0,0,0,0,0,0
3716.37467,0,1,0,1,0,0,0,1
3714.44609,0,0,0,0,0,1,0,0
3712.51751,0,0,0,0,0,0,0,1
3710.58893,0,0,0,0,0,0,0,0
3708.66035,1,1,0,0,1,0,1,0
3706.73177,0,0,1,0,0,1,0,0
3704.80319,0,0,0,0,1,0,1,0
3702.87461,0,0,0,0,0,0,0,0
3700.94603,1,0,0,0,0,0,0,1
3699.01745,0,0,0,0,0,0,0,0
3697.08887,0,0,0,0,0,0,0,0
3695.16029,0,0,1,0,0,1,0,0
3693.23171,0,1,0,1,1,0,1,0
3691.30313,0,0,1,0,0,0,0,1
3689.37455,1,1,0,0,1,1,0,0
3687.44597,0,0,0,1,0,0,1,0
3685.51738,1,0,0,0,1,1,0,1
3683.5888,0,1,0,1,0,0,0,0
3681.66022,0,0,1,0,0,0,1,0
3679.73164,0,0,0,0,0,0,0,0
3677.80306,0,0,0,0,1,0,0,1
3675.87448,1,0,1,0,0,0,0,0
3673.9459,0,1,0,0,0,0,0,0
3672.01732,0,0,0,0,0,1,0,0
3670.08874,0,0,0,1,0,0,1,0
3668.16016,1,0,0,0,1,0,0,1
3666.23158,0,1,0,1,0,0,0,0
3664.303,0,0,0,0,0,0,0,0
3662.37442,0,0,1,0,0,0,0,1
3660.44584,1,0,0,0,1,0,0,0
3658.51726,0,0,0,0,0,0,0,0
3656.58868,0,0,0,0,0,0,0,0
3654.6601,0,0,0,0,0,0,1,0
3652.73152,0,0,0,0,0,1,0,0
3650.80294,0,0,1,0,0,0,0,0
3648.87435,0,0,0,0,1,0,0,0
3646.94577,1,1,0,1,0,1,1,1
3645.01719,0,0,0,0,0,0,0,0
3643.08861,0,0,1,0,1,0,0,0
3641.16003,0,1,0,1,0,0,1,1
3639.23145,0,0,0,0,0,0,0,0
3637.30287,1,0,0,0,0,0,0,0
3635.37429,0,0,0,0,0,1,0,0
3633.44571,0,0,0,0,0,0,0,0
3631.51713,0,1,1,1,1,0,1,1
3629.58855,1,0,0,0,0,0,0,0
3627.65997,0,0,0,0,0,0,0,0
3625.73139,0,0,0,0,0,0,0,0
3623.80281,0,0,0,0,0,0,0,0
3621.87423,0,0,0,0,0,1,0,0
3619.94565,0,0,0,0,0,0,0,0
3618.01707,0,1,1,1,1,0,1,1
3616.08849,0,0,0,0,0,0,0,0
3614.15991,0,0,0,0,0,0,0,0
3612.23132,1,0,0,0,0,0,0,0
3610.30274,0,0,0,0,0,0,0,0
3608.37416,0,0,0,0,0,0,0,0
3606.44558,0,0,0,0,0,0,0,0
3604.517,0,0,0,0,0,0,0,0
3602.58842,0,0,0,0,0,0,0,0
3600.65984,0,0,0,0,0,0,0,0
3598.73126,0,0,0,0,0,0,0,0
3596.80268,0,0,0,0,0,1,0,0
3594.8741,0,0,0,0,0,0,0,0
3592.94552,0,0,0,0,0,0,0,0
3591.01694,0,0,0,0,0,0,0,0
3589.08836,0,0,0,0,0,0,0,0
3587.15978,0,0,0,0,0,0,0,0
3585.2312,0,0,0,0,0,0,0,0
3583.30262,0,0,0,0,0,0,0,0
3581.37404,0,0,0,0,1,0,1,0
3579.44546,0,1,0,1,0,0,0,1
3577.51688,0,0,0,0,0,0,0,0
3575.58829,0,0,0,0,0,0,0,0
3573.65971,0,0,0,0,0,0,0,0
3571.73113,0,0,0,0,0,0,0,0
3569.80255,0,0,0,0,0,0,0,0
3567.87397,0,0,0,0,0,0,0,0
3565.94539,0,0,1,0,0,0,0,0
3564.01681,0,0,0,0,0,0,0,0
3562.08823,0,0,0,0,0,0,0,0
3560.15965,0,0,0,0,0,0,0,0
3558.23107,0,0,0,0,0,0,0,0
3556.30249,0,0,0,0,0,0,0,0
3554.37391,0,0,0,0,0,0,0,0
3552.44533,0,0,0,0,0,0,0,0
3550.51675,0,0,0,0,0,0,0,0
3548.58817,0,0,0,0,0,0,0,0
3546.65959,0,0,0,0,0,0,0,0
3544.73101,0,0,0,0,0,0,0,0
3542.80243,0,0,0,0,0,0,0,0
3540.87385,0,0,0,0,0,0,0,0
3538.94526,0,0,0,0,0,0,0,0
3537.01668,0,0,0,0,0,0,0,0
3535.0881,0,0,0,0,0,0,0,0
3533.15952,0,0,0,0,0,0,0,0
3531.23094,0,0,0,0,0,0,0,0
3529.30236,0,0,0,0,0,0,0,0
3527.37378,0,0,0,0,0,0,0,0
3525.4452,0,0,0,0,0,0,0,0
3523.51662,1,0,0,0,0,0,0,0
3521.58804,0,0,0,0,0,0,0,0
3519.65946,0,1,0,0,1,0,1,1
3517.73088,0,0,0,0,0,1,0,0
3515.8023,0,0,0,0,0,0,0,0
3513.87372,0,0,1,0,0,0,0,0
3511.94514,0,0,0,0,0,0,0,0
3510.01656,0,0,0,0,0,0,0,0
3508.08798,0,0,0,0,0,0,0,0
3506.1594,0,0,0,0,0,0,0,0
3504.23082,0,0,0,0,0,0,0,0
3502.30223,0,0,0,1,0,0,0,0
3500.37365,0,0,0,0,0,0,0,0
3498.44507,0,0,0,0,0,0,0,0
3496.51649,0,0,0,0,0,0,0,0
3494.58791,1,0,0,0,0,0,0,0
3492.65933,0,0,0,0,0,0,0,0
3490.73075,0,1,0,0,0,1,1,1
3488.80217,0,0,0,0,0,0,0,0
3486.87359,0,0,1,0,0,0,0,0
3484.94501,0,0,0,0,0,0,0,0
3483.01643,0,0,0,0,0,0,0,0
3481.08785,0,0,0,0,1,0,0,0
3479.15927,0,0,0,0,0,0,0,0
3477.23069,0,0,0,1,0,0,0,0
3475.30211,0,0,0,0,0,0,0,0
3473.37353,0,0,0,0,0,0,0,0
3471.44495,1,0,0,0,0,0,0,0
3469.51637,0,0,0,0,0,0,0,0
3467.58779,0,1,0,0,0,1,0,0
3465.65921,0,0,0,0,0,0,0,0
3463.73062,0,0,1,0,0,0,0,1
3461.80204,0,0,0,0,0,0,0,0
3459.87346,0,0,0,0,0,0,0,0
3457.94488,0,0,0,0,1,0,0,0
3456.0163,0,0,0,0,0,0,0,0
3454.08772,0,0,0,1,0,0,0,0
3452.15914,0,0,0,0,0,0,0,0
3450.23056,0,0,0,0,0,0,0,0
3448.30198,0,0,0,0,0,0,0,0
3446.3734,1,0,0,0,0,0,1,0
3444.44482,0,0,0,0,0,0,0,0
3442.51624,0,1,0,0,0,1,0,0
3440.58766,0,0,0,0,0,0,0,0
3438.65908,0,0,0,0,0,0,0,0
3436.7305,0,0,1,0,0,0,0,1
3434.80192,0,0,0,0,0,0,0,0
3432.87334,0,0,0,0,0,0,0,0
3430.94476,0,0,0,0,1,0,0,0
3429.01618,0,0,0,0,0,0,0,0
3427.08759,0,0,0,0,0,0,0,0
3425.15901,0,0,0,1,0,0,0,0
3423.23043,0,0,0,0,0,0,0,0
3421.30185,0,0,0,0,0,0,0,0
3419.37327,0,0,0,0,0,0,0,0
3417.44469,0,0,0,0,0,0,0,0
3415.51611,0,0,0,0,0,0,0,0
3413.58753,1,0,0,0,0,0,0,0
3411.65895,0,0,0,0,0,0,1,0
3409.73037,0,0,0,0,0,0,0,0
3407.80179,0,0,0,0,0,0,0,0
3405.87321,0,0,0,0,0,1,0,0
3403.94463,0,1,0,0,0,0,0,0
3402.01605,0,0,0,0,0,0,0,0
3400.08747,0,0,0,0,0,0,0,0
3398.15889,0,0,0,0,0,0,0,0
3396.23031,0,0,0,0,0,0,0,0
3394.30173,0,0,1,0,0,0,0,0
3392.37315,0,0,0,0,0,0,0,1
3390.44456,0,0,0,0,0,0,0,0
3388.51598,0,0,0,0,0,0,0,0
3386.5874,0,0,0,0,0,0,0,0
3384.65882,0,0,0,0,0,0,0,0
3382.73024,0,0,0,0,1,0,0,0
3380.80166,0,0,0,0,0,0,0,0
3378.87308,0,0,0,0,0,0,0,0
3376.9445,0,0,0,0,0,0,0,0
3375.01592,0,0,0,0,0,0,0,0
3373.08734,0,0,0,0,0,0,0,0
3371.15876,0,0,0,0,0,0,0,0
3369.23018,0,0,0,1,0,0,0,0
3367.3016,0,0,0,0,0,0,0,0
3365.37302,0,0,0,0,0,0,0,0
3363.44444,0,0,0,0,0,0,0,0
3361.51586,0,0,0,0,0,0,0,0
3359.58728,0,0,0,0,0,0,0,0
3357.6587,0,0,0,0,0,0,0,0
3355.73012,0,0,0,0,0,0,0,0
3353.80153,0,0,0,0,0,0,0,0
3351.87295,0,0,0,0,0,0,0,0
3349.94437,0,0,0,0,0,0,0,0
3348.01579,0,0,0,0,0,0,0,0
3346.08721,1,0,0,0,0,0,0,0
3344.15863,0,0,0,0,0,0,0,0
3342.23005,0,0,0,0,0,0,1,0
3340.30147,0,0,0,0,0,0,0,0
3338.37289,0,0,0,0,0,0,0,0
3336.44431,0,0,0,0,0,0,0,0
3334.51573,0,0,0,0,0,0,0,0
3332.58715,0,0,0,0,0,0,0,0
3330.65857,0,0,0,0,0,0,0,0
3328.72999,0,1,0,0,0,0,0,0
3326.80141,0,0,0,0,0,0,0,0
3324.87283,0,0,0,0,0,0,0,0
3322.94425,0,0,0,0,0,0,0,0
3321.01567,0,0,0,0,0,0,0,0
3319.08709,0,0,0,0,0,0,0,0
3317.1585,0,0,0,0,0,0,0,0
3315.22992,0,0,0,0,0,0,0,0
3313.30134,0,0,0,0,0,0,0,0
3311.37276,0,0,1,0,0,0,0,0
3309.44418,0,0,0,0,0,0,0,0
3307.5156,0,0,0,0,0,0,0,0
3305.58702,0,0,0,0,0,0,0,1
3303.65844,0,0,0,0,0,0,0,0
3301.72986,0,0,0,0,0,0,0,0
3299.80128,0,0,0,0,0,0,0,0
3297.8727,0,0,0,0,0,0,0,0
3295.94412,0,0,0,0,0,0,0,0
3294.01554,0,0,0,0,0,0,0,0
3292.08696,0,0,0,0,0,0,0,0
3290.15838,0,0,0,0,0,0,0,0
3288.2298,0,0,0,0,0,0,0,0
3286.30122,0,0,0,0,1,0,0,0
3284.37264,0,0,0,0,0,0,0,0
3282.44406,0,0,0,0,0,0,0,0
3280.51547,0,0,0,0,0,0,0,0
3278.58689,0,0,0,0,0,0,0,0
3276.65831,0,0,0,0,0,0,0,0
3274.72973,0,0,0,0,0,0,0,0
3272.80115,0,0,0,0,0,0,0,0
3270.87257,0,0,0,0,0,0,0,0
3268.94399,0,0,0,0,0,0,0,0
3267.01541,0,0,0,0,0,0,0,0
3265.08683,0,0,0,0,0,0,0,0
3263.15825,0,0,0,0,0,0,0,0
3261.22967,0,0,0,1,0,1,0,0
3259.30109,0,0,0,0,0,0,0,0
3257.37251,0,0,0,0,0,0,0,0
3255.44393,0,0,0,0,0,0,0,0
3253.51535,0,0,0,0,0,0,0,0
3251.58677,0,0,0,0,0,0,0,0
3249.65819,0,0,0,0,0,0,0,0
3247.72961,0,0,0,0,0,0,0,0
3245.80103,0,0,0,0,0,0,0,0
3243.87244,0,0,0,0,0,0,0,0
3241.94386,0,0,0,0,0,0,0,0
3240.01528,0,0,0,0,0,0,0,0
3238.0867,0,0,0,0,0,0,0,0
3236.15812,0,0,0,0,0,0,0,0
3234.22954,0,0,0,0,0,0,0,0
3232.30096,0,0,0,0,0,0,0,0
3230.37238,0,0,0,0,0,0,0,0
3228.4438,0,0,0,0,0,0,1,0
3226.51522,0,0,0,0,0,0,0,0
3224.58664,0,0,0,0,0,0,0,0
3222.65806,0,0,0,0,0,0,0,0
3220.72948,0,0,0,0,0,0,0,0
3218.8009,0,1,0,0,0,0,0,0
3216.87232,0,0,0,0,0,0,0,0
3214.94374,0,0,0,0,0,0,0,0
3213.01516,0,0,0,0,0,0,0,0
3211.08658,0,0,0,0,0,0,0,0
3209.158,0,0,0,0,0,0,0,1
3207.22941,0,0,0,0,0,0,0,0
3205.30083,0,0,0,0,0,0,0,0
3203.37225,0,0,0,0,1,0,0,0
3201.44367,0,0,0,0,0,0,0,0
3199.51509,0,0,0,0,0,0,0,0
3197.58651,0,0,1,0,0,0,0,0
3195.65793,1,0,0,0,0,0,0,0
3193.72935,0,0,0,1,0,1,0,0
3191.80077,0,0,0,0,0,0,0,0
3189.87219,0,0,0,0,0,0,0,0
3187.94361,0,0,0,0,0,0,0,0
3186.01503,0,0,0,0,0,0,0,0
3184.08645,0,0,0,0,0,0,0,0
3182.15787,0,0,0,0,0,0,0,0
3180.22929,0,0,0,0,0,0,0,0
3178.30071,0,0,0,0,0,0,1,0
3176.37213,0,0,0,0,0,0,0,0
3174.44355,0,0,0,0,0,0,0,0
3172.51497,0,0,0,0,0,0,0,0
3170.58638,0,0,0,0,0,0,0,0
3168.6578,0,0,0,0,0,0,0,0
3166.72922,0,0,0,0,0,0,0,0
3164.80064,0,0,0,0,0,0,0,0
3162.87206,0,0,0,0,0,0,0,0
3160.94348,0,0,0,0,1,0,0,0
3159.0149,0,0,0,0,0,0,0,0
3157.08632,0,0,1,0,0,0,0,0
3155.15774,1,0,0,0,0,0,0,0
3153.22916,0,0,0,0,0,0,0,0
3151.30058,0,0,0,0,0,0,0,0
3149.372,0,0,0,0,0,0,0,0
3147.44342,0,0,0,1,0,0,0,0
3145.51484,0,1,0,0,0,1,0,0
3143.58626,0,0,0,0,0,0,0,1
3141.65768,0,0,0,0,0,0,0,0
3139.7291,0,0,0,0,0,0,0,0
3137.80052,0,0,0,0,0,0,0,0
3135.87194,0,0,0,0,0,0,1,0
3133.94335,0,0,0,0,0,0,0,0
3132.01477,0,0,0,0,0,0,0,0
3130.08619,0,0,0,0,0,0,0,0
3128.15761,0,0,0,0,0,0,0,0
3126.22903,0,0,0,0,1,0,0,0
3124.30045,0,0,1,0,0,0,0,0
3122.37187,1,0,0,0,0,0,0,0
3120.44329,0,0,0,0,0,0,0,0
3118.51471,0,0,0,0,0,0,0,0
3116.58613,0,0,0,0,0,0,0,0
3114.65755,0,0,0,1,0,0,0,0
3112.72897,0,1,0,0,0,1,0,0
3110.80039,0,0,0,0,0,0,0,0
3108.87181,0,0,0,0,0,0,0,0
3106.94323,0,0,0,0,0,0,0,0
3105.01465,0,0,0,0,0,0,0,1
3103.08607,0,0,0,0,0,0,1,0
3101.15749,0,0,0,0,0,0,0,0
3099.22891,0,0,0,0,0,0,0,0
3097.30032,0,0,0,0,0,0,0,0
3095.37174,0,0,0,0,1,0,0,0
3093.44316,0,0,1,0,0,0,0,0
3091.51458,1,0,0,0,0,0,0,0
3089.586,0,0,0,0,0,0,0,0
3087.65742,0,0,0,0,0,0,0,0
3085.72884,0,0,0,0,0,0,0,0
3083.80026,0,0,0,0,0,0,0,0
3081.87168,0,0,0,0,0,0,0,0
3079.9431,0,1,0,1,0,1,0,0
3078.01452,0,0,0,0,0,0,0,0
3076.08594,0,0,0,0,0,0,0,0
3074.15736,0,0,0,0,0,0,0,0
3072.22878,0,0,0,0,0,0,0,1
3070.3002,0,0,0,0,0,0,1,0
3068.37162,0,0,0,0,0,0,0,0
3066.44304,0,0,0,0,0,0,0,0
3064.51446,0,0,0,0,0,0,0,0
3062.58588,0,0,0,0,1,0,0,0
3060.65729,0,0,1,0,0,0,0,0
3058.72871,0,0,0,0,0,0,0,0
3056.80013,1,0,0,0,0,0,0,0
3054.87155,0,0,0,0,0,0,0,0
3052.94297,0,0,0,0,0,0,0,0
3051.01439,0,0,0,0,0,0,0,0
3049.08581,0,0,0,0,0,0,0,0
3047.15723,0,0,0,0,0,0,0,0
3045.22865,0,0,0,1,0,1,0,0
3043.30007,0,1,0,0,0,0,0,0
3041.37149,0,0,0,0,0,0,0,0
3039.44291,0,0,0,0,0,0,0,0
3037.51433,0,0,0,0,0,0,0,0
3035.58575,0,0,0,0,0,0,0,1
3033.65717,0,0,0,0,0,0,0,0
3031.72859,0,0,0,0,0,0,0,0
3029.80001,0,0,0,0,0,0,0,0
3027.87143,0,0,0,0,0,0,0,0
3025.94285,0,0,0,0,0,0,0,0
3024.01426,0,0,0,0,0,0,0,0
3022.08568,0,0,0,0,0,0,0,0
3020.1571,0,0,0,0,0,0,0,0
3018.22852,0,0,0,0,0,0,0,0
3016.29994,0,0,0,0,0,0,0,0
3014.37136,0,0,0,0,0,0,0,0
3012.44278,0,0,0,0,0,0,0,0
3010.5142,0,0,0,0,0,0,0,0
3008.58562,0,0,0,0,0,0,0,0
3006.65704,0,0,0,0,0,0,0,0
3004.72846,0,0,0,0,0,0,0,0
3002.79988,0,0,0,0,0,0,0,0
3000.8713,0,0,0,0,0,0,0,0
2998.94272,0,0,0,0,0,1,0,0
2997.01414,0,1,1,0,0,0,0,0
2995.08556,0,0,0,0,0,0,0,0
2993.15698,0,0,0,0,0,0,0,0
2991.2284,0,0,0,0,0,0,0,0
2989.29982,0,0,0,0,0,0,0,0
2987.37123,0,0,0,1,0,0,0,0
2985.44265,0,0,0,0,0,0,0,0
2983.51407,0,0,0,0,0,0,0,0
2981.58549,0,0,0,0,0,0,0,0
2979.65691,0,0,0,0,0,0,0,0
2977.72833,0,0,0,0,0,0,0,0
2975.79975,0,0,0,0,0,0,0,0
2973.87117,0,0,0,0,0,0,0,0
2971.94259,0,0,0,0,0,0,0,0
2970.01401,0,0,0,0,0,0,0,0
2968.08543,0,0,0,0,0,0,0,0
2966.15685,0,0,0,0,0,0,0,0
2964.22827,0,0,0,0,0,0,0,0
2962.29969,0,0,0,0,0,0,0,0
2960.37111,0,0,0,0,0,0,0,0
2958.44253,0,0,0,0,0,0,0,0
2956.51395,0,0,0,0,0,0,0,0
2954.58537,0,0,0,0,0,0,0,0
2952.65679,0,0,0,0,0,0,0,0
2950.7282,0,0,0,0,0,0,0,0
2948.79962,0,0,0,0,0,0,0,0
2946.87104,0,0,0,0,0,0,0,0
2944.94246,0,0,0,0,0,0,0,0
2943.01388,0,0,0,0,0,0,0,0
2941.0853,0,0,0,0,0,0,0,0
2939.15672,0,0,0,0,0,0,0,0
2937.22814,0,0,0,0,0,0,0,0
2935.29956,0,0,0,0,0,0,0,0
2933.37098,0,0,0,0,0,0,0,0
2931.4424,0,0,0,0,0,0,0,0
2929.51382,0,0,0,0,0,0,0,0
2927.58524,0,0,0,0,0,0,0,0
2925.65666,0,0,0,0,0,0,0,0
2923.72808,0,0,0,0,1,0,0,0
2921.7995,0,0,0,0,0,1,0,1
2919.87092,0,1,1,0,0,0,0,0
2917.94234,0,0,0,0,0,0,0,0
2916.01376,0,0,0,0,0,0,0,0
2914.08517,0,0,0,0,0,0,0,0
2912.15659,0,0,0,0,0,0,0,0
2910.22801,0,0,0,0,0,0,0,0
2908.29943,0,0,0,0,0,0,0,0
2906.37085,0,0,0,0,0,0,0,0
2904.44227,0,0,0,0,0,0,0,0
2902.51369,0,0,0,0,0,0,0,0
2900.58511,0,0,0,0,0,0,0,0
2898.65653,0,0,0,0,0,0,0,0
2896.72795,0,0,0,1,0,0,0,0
2894.79937,0,0,0,0,0,0,0,0
2892.87079,0,0,0,0,0,0,0,0
2890.94221,0,0,0,0,0,0,0,0
2889.01363,0,0,0,0,0,0,0,0
2887.08505,0,0,0,0,0,0,0,0
2885.15647,0,0,0,0,0,0,0,0
2883.22789,0,0,0,0,0,0,1,0
2881.29931,0,0,0,0,0,0,0,0
2879.37073,0,0,0,0,0,0,0,0
2877.44214,0,0,0,0,0,0,0,0
2875.51356,0,0,0,0,0,0,0,0
2873.58498,0,0,0,0,0,0,0,0
2871.6564,0,0,0,0,0,0,0,0
2869.72782,1,0,0,0,0,0,0,0
2867.79924,0,0,0,0,0,0,0,0
2865.87066,0,0,0,0,0,0,0,0
2863.94208,0,0,0,0,0,0,0,0
2862.0135,0,0,0,0,0,0,0,0
2860.08492,0,0,0,0,0,0,0,0
2858.15634,0,0,0,0,0,0,0,0
2856.22776,0,0,0,0,0,0,0,0
2854.29918,0,0,0,0,0,0,0,0
2852.3706,0,0,0,0,0,0,0,0
2850.44202,0,0,0,0,0,0,0,0
2848.51344,0,0,0,0,0,0,0,0
2846.58486,0,0,0,0,0,0,0,0
2844.65628,0,0,0,0,0,0,0,0
2842.7277,0,0,0,0,0,0,0,0
2840.79911,0,0,0,0,0,0,0,0
2838.87053,0,0,0,0,0,0,0,0
2836.94195,0,0,0,0,0,0,0,0
2835.01337,0,0,0,0,0,0,0,0
2833.08479,0,0,0,0,0,0,0,0
2831.15621,0,0,0,0,0,0,0,0
2829.22763,0,0,0,0,0,0,0,0
2827.29905,0,0,0,0,0,0,0,0
2825.37047,0,0,0,0,0,0,0,0
2823.44189,0,0,0,0,0,0,0,0
2821.51331,0,0,0,0,0,0,0,0
2819.58473,0,0,0,0,0,0,0,0
2817.65615,0,0,0,0,0,0,0,0
2815.72757,0,0,0,0,0,0,0,0
2813.79899,0,0,0,0,0,0,0,0
2811.87041,0,0,0,0,0,0,0,0
2809.94183,0,0,0,0,0,0,0,0
2808.01325,0,0,0,0,0,0,0,0
2806.08467,0,0,0,0,0,0,0,0
2804.15608,0,0,0,0,0,0,0,0
2802.2275,0,0,0,0,0,0,0,0
2800.29892,0,0,0,0,0,0,0,0
2798.37034,0,0,0,0,0,0,0,0
2796.44176,0,0,0,0,0,0,0,0
2794.51318,0,0,0,0,0,0,0,0
2792.5846,0,0,0,0,0,0,0,0
2790.65602,0,0,0,0,0,0,0,0
2788.72744,0,0,0,0,0,0,0,0
2786.79886,0,0,0,0,0,0,0,0
2784.87028,0,0,0,0,0,0,0,0
2782.9417,0,0,0,0,0,0,0,0
2781.01312,0,0,0,0,0,0,0,0
2779.08454,0,0,0,0,0,0,0,0
2777.15596,0,0,0,0,0,0,0,0
2775.22738,0,0,0,0,0,0,0,0
2773.2988,0,0,0,0,0,0,0,0
2771.37022,0,0,0,0,0,0,0,0
2769.44164,0,0,0,0,0,0,0,0
2767.51305,0,0,0,0,0,0,0,0
2765.58447,0,0,0,0,0,0,0,0
2763.65589,0,0,0,0,0,0,0,0
2761.72731,0,0,0,0,0,0,0,0
2759.79873,0,0,0,0,0,0,0,0
2757.87015,0,0,0,0,0,0,0,0
2755.94157,0,0,0,0,0,0,0,0
2754.01299,0,0,0,0,0,0,0,0
2752.08441,0,0,0,0,0,0,0,0
2750.15583,0,0,0,0,0,0,0,0
2748.22725,0,0,0,0,0,0,0,0
2746.29867,0,0,0,0,0,0,0,0
2744.37009,0,0,0,0,0,0,0,0
2742.44151,0,0,0,0,0,0,0,0
2740.51293,0,0,0,0,0,0,0,0
2738.58435,0,0,0,0,0,0,0,0
2736.65577,0,0,0,0,0,0,0,0
2734.72719,0,0,0,0,0,0,0,0
2732.79861,0,0,0,0,0,0,0,0
2730.87002,0,0,0,0,0,0,0,0
2728.94144,0,0,0,0,0,0,0,0
2727.01286,0,0,0,0,0,0,0,0
2725.08428,0,0,0,0,0,0,0,0
2723.1557,0,0,0,0,0,0,0,0
2721.22712,0,0,0,0,0,0,0,0
2719.29854,0,0,0,0,0,0,0,0
2717.36996,0,0,0,0,0,0,0,0
2715.44138,0,0,0,0,0,0,0,0
2713.5128,0,0,0,0,0,0,0,0
2711.58422,0,0,0,0,0,0,0,0
2709.65564,0,0,0,0,0,0,0,0
2707.72706,0,0,0,0,0,0,0,0
2705.79848,0,0,0,0,0,0,0,0
2703.8699,0,0,0,0,0,0,0,0
2701.94132,0,0,0,0,0,0,0,0
2700.01274,0,0,0,0,0,0,0,0
2698.08416,0,0,0,0,0,0,0,0
2696.15558,0,0,0,0,0,0,0,0
2694.22699,0,0,0,0,0,0,0,0
2692.29841,0,0,0,0,0,0,0,0
2690.36983,0,0,0,0,0,0,0,0
2688.44125,0,0,0,0,0,0,0,0
2686.51267,0,0,0,0,0,0,0,0
2684.58409,0,0,0,0,0,0,0,0
2682.65551,0,0,0,0,0,0,0,0
2680.72693,0,0,0,0,0,0,0,0
2678.79835,0,0,0,0,0,0,0,0
2676.86977,0,0,0,0,0,0,0,0
2674.94119,0,0,0,0,0,0,0,0
2673.01261,0,0,0,0,0,0,0,0
2671.08403,0,0,0,0,0,0,0,0
2669.15545,0,0,0,0,0,0,0,0
2667.22687,0,0,0,0,0,0,0,0
2665.29829,0,0,0,0,0,0,0,0
2663.36971,0,0,0,0,0,0,0,0
2661.44113,0,0,0,0,0,0,0,0
2659.51255,0,0,0,0,0,0,0,0
2657.58396,0,0,0,0,0,0,0,0
2655.65538,0,0,0,0,0,0,0,0
2653.7268,0,0,0,0,0,0,0,0
2651.79822,0,0,0,0,0,0,0,0
2649.86964,0,0,0,0,0,0,0,0
2647.94106,0,0,0,0,0,0,0,0
2646.01248,0,0,0,0,0,0,0,0
2644.0839,0,0,0,0,0,0,0,0
2642.15532,0,0,0,0,0,0,0,0
2640.22674,0,0,0,0,0,0,0,0
2638.29816,0,0,0,0,0,0,0,0
2636.36958,0,0,0,0,0,0,0,0
2634.441,0,0,0,0,0,0,0,0
2632.51242,0,0,0,0,0,0,0,0
2630.58384,0,0,0,0,0,0,0,0
2628.65526,0,0,0,0,0,0,0,0
2626.72668,0,0,0,0,0,0,0,0
2624.7981,0,0,0,0,0,0,0,0
2622.86952,0,0,0,0,0,0,0,0
2620.94093,0,0,0,0,0,0,0,0
2619.01235,0,0,0,0,0,0,0,0
2617.08377,0,0,0,0,0,0,0,0
2615.15519,0,0,0,0,0,0,0,0
2613.22661,0,0,0,0,0,0,0,0
2611.29803,0,0,0,0,0,0,0,0
2609.36945,0,0,0,0,0,0,0,0
2607.44087,0,0,0,0,0,0,0,0
2605.51229,0,0,0,0,0,0,0,0
2603.58371,0,0,0,0,0,0,0,0
2601.65513,0,0,0,0,0,0,0,0
2599.72655,0,0,0,0,0,0,0,0
2597.79797,0,0,0,0,0,0,0,0
2595.86939,0,0,0,0,0,0,0,0
2593.94081,0,0,0,0,0,0,0,0
2592.01223,0,0,0,0,0,0,0,0
2590.08365,0,0,0,0,0,0,0,0
2588.15507,0,0,0,0,0,0,0,0
2586.22649,0,0,0,0,0,0,0,0
2584.2979,0,0,0,0,0,0,0,0
2582.36932,0,0,0,0,0,0,0,0
2580.44074,0,0,0,0,0,0,0,0
2578.51216,0,0,0,0,0,0,0,0
2576.58358,0,0,0,0,1,0,0,0
2574.655,0,0,0,0,0,0,0,0
2572.72642,0,0,0,0,0,0,0,0
2570.79784,0,0,0,0,0,0,0,0
2568.86926,0,0,0,0,0,0,0,0
2566.94068,0,0,0,0,0,0,0,0
2565.0121,0,0,0,0,0,0,0,0
2563.08352,0,0,0,0,0,0,0,0
2561.15494,0,0,0,0,0,0,0,0
2559.22636,0,0,0,0,0,0,0,0
2557.29778,0,0,0,0,0,0,0,0
2555.3692,0,0,0,0,0,0,0,0
2553.44062,0,0,0,0,0,0,0,0
2551.51204,0,0,0,0,0,0,0,0
2549.58346,0,0,0,0,0,0,0,0
2547.65487,0,0,0,0,0,0,0,0
2545.72629,0,0,0,0,0,0,0,0
2543.79771,0,0,0,0,0,0,0,0
2541.86913,0,0,0,0,0,0,0,0
2539.94055,0,0,0,0,0,0,0,0
2538.01197,0,0,0,0,0,1,0,0
2536.08339,0,0,0,0,0,0,0,0
2534.15481,0,0,0,0,0,0,0,0
2532.22623,0,0,0,0,0,0,0,0
2530.29765,0,0,0,0,0,0,0,0
2528.36907,0,0,0,0,0,0,0,0
2526.44049,0,0,0,0,0,0,0,0
2524.51191,0,0,0,0,0,0,0,0
2522.58333,0,0,0,0,0,0,0,0
2520.65475,0,0,0,0,0,0,0,0
2518.72617,0,0,0,0,0,0,0,0
2516.79759,0,0,0,0,0,0,0,0
2514.86901,0,0,0,0,0,0,0,0
2512.94043,0,0,0,0,0,0,0,0
2511.01184,0,0,0,0,0,0,0,0
2509.08326,0,0,0,0,0,0,0,0
2507.15468,0,0,0,0,0,0,0,0
2505.2261,0,0,0,0,0,0,0,0
2503.29752,0,0,0,0,0,0,0,0
2501.36894,0,0,0,0,0,0,0,0
2499.44036,0,0,0,0,0,0,0,0
2497.51178,0,0,0,0,0,0,0,0
2495.5832,0,0,0,0,0,0,0,0
2493.65462,0,0,0,0,0,0,0,0
2491.72604,0,0,0,0,0,0,0,0
2489.79746,0,0,0,0,0,0,0,0
2487.86888,0,0,0,0,0,0,0,0
2485.9403,0,0,0,0,0,0,0,0
2484.01172,0,0,0,0,0,0,0,0
2482.08314,0,0,0,0,0,0,0,0
2480.15456,0,0,0,0,0,0,0,0
2478.22598,0,0,0,0,0,0,0,0
2476.2974,0,0,0,0,0,0,0,0
2474.36881,0,0,0,0,0,0,0,0
2472.44023,0,0,0,0,0,0,0,0
2470.51165,0,0,0,0,0,0,0,0
2468.58307,0,0,0,0,0,0,0,0
2466.65449,0,0,0,0,0,0,0,0
2464.72591,0,0,0,0,0,0,0,0
2462.79733,0,0,0,0,0,0,0,0
2460.86875,0,0,0,0,0,0,0,0
2458.94017,0,0,0,0,0,0,0,0
2457.01159,0,0,0,0,0,0,0,0
2455.08301,0,0,0,0,0,0,0,0
2453.15443,0,0,0,0,0,0,0,0
2451.22585,0,0,0,0,0,0,0,0
2449.29727,0,0,0,0,0,0,0,0
2447.36869,0,0,0,0,0,0,0,0
2445.44011,0,0,0,0,0,0,0,0
2443.51153,0,0,0,0,0,0,0,0
2441.58295,0,0,0,0,0,0,0,0
2439.65437,0,0,0,0,0,0,0,0
2437.72578,0,0,0,0,0,0,0,0
2435.7972,0,0,0,0,0,0,0,0
2433.86862,0,0,0,0,0,0,0,0
2431.94004,0,0,0,0,0,0,0,0
2430.01146,0,0,0,0,0,0,0,0
2428.08288,0,0,0,0,0,0,0,0
2426.1543,0,0,0,0,0,0,0,0
2424.22572,0,0,0,0,0,0,0,0
2422.29714,0,0,0,0,0,0,0,0
2420.36856,0,0,0,0,0,0,0,0
2418.43998,0,0,0,0,0,0,0,0
2416.5114,0,0,0,0,0,0,0,0
2414.58282,0,0,0,0,0,0,0,0
2412.65424,0,0,0,0,0,0,0,0
2410.72566,0,0,0,0,0,0,0,0
2408.79708,0,0,0,0,0,0,0,0
2406.8685,0,0,0,0,0,0,0,0
2404.93992,0,0,0,0,0,0,0,0
2403.01134,0,0,0,0,0,0,0,0
2401.08275,0,0,0,0,0,0,0,0
2399.15417,0,0,0,0,0,0,0,0
2397.22559,0,0,0,0,0,0,0,0
2395.29701,0,0,0,0,0,0,0,0
2393.36843,0,0,0,0,0,0,0,0
2391.43985,0,0,0,0,0,0,0,0
2389.51127,0,0,0,0,0,0,0,0
2387.58269,0,0,0,0,0,0,0,0
2385.65411,0,0,0,0,0,0,0,0
2383.72553,0,0,0,0,0,0,0,0
2381.79695,0,0,0,0,0,0,0,0
2379.86837,0,0,0,0,0,0,0,0
2377.93979,0,0,0,0,0,0,0,0
2376.01121,0,0,0,0,0,0,0,0
2374.08263,0,0,0,0,0,0,0,0
2372.15405,0,0,0,0,0,0,0,0
2370.22547,0,0,0,0,0,0,0,0
2368.29689,0,0,0,0,1,1,0,0
2366.36831,0,0,0,0,0,0,0,0
2364.43972,0,0,0,0,0,0,1,0
2362.51114,0,0,0,0,0,0,0,0
2360.58256,1,0,0,0,0,0,0,0
2358.65398,0,0,0,0,0,0,0,0
2356.7254,0,1,1,1,0,0,0,1
2354.79682,0,0,0,0,0,0,0,0
2352.86824,0,0,0,0,0,0,0,0
2350.93966,0,0,0,0,0,0,0,0
2349.01108,0,0,0,0,0,0,0,0
2347.0825,0,0,0,0,0,0,0,0
2345.15392,0,0,0,0,0,0,0,0
2343.22534,0,0,0,0,0,0,0,0
2341.29676,0,0,0,0,0,0,0,0
2339.36818,0,0,0,0,0,0,0,0
2337.4396,0,0,0,0,0,0,0,0
2335.51102,0,0,0,0,0,0,0,0
2333.58244,0,0,0,0,0,0,0,0
2331.65386,0,0,0,0,0,0,0,0
2329.72528,0,0,0,0,0,0,0,0
2327.79669,0,0,0,0,0,0,0,0
2325.86811,0,0,0,0,0,0,0,0
2323.93953,0,0,0,0,0,0,0,0
2322.01095,0,0,0,0,0,0,0,0
2320.08237,0,0,0,0,0,0,0,0
2318.15379,0,0,0,0,0,0,0,0
2316.22521,0,0,0,0,0,0,0,0
2314.29663,0,0,0,0,0,0,0,0
2312.36805,0,0,0,0,0,0,0,0
2310.43947,0,0,0,0,0,0,0,0
2308.51089,0,0,0,0,0,0,0,0
2306.58231,0,0,0,0,0,0,0,0
2304.65373,0,0,0,0,0,0,0,0
2302.72515,0,0,0,0,0,0,0,0
2300.79657,0,0,0,0,0,0,0,0
2298.86799,0,0,0,0,0,0,0,0
2296.93941,0,0,0,0,0,0,0,0
2295.01083,0,0,0,0,0,0,0,0
2293.08225,0,0,0,0,0,0,0,0
2291.15366,0,0,0,0,0,0,0,0
2289.22508,0,0,0,0,0,0,0,0
2287.2965,0,0,0,0,0,0,0,0
2285.36792,0,0,0,0,0,0,0,0
2283.43934,0,0,0,0,0,0,0,0
2281.51076,0,0,0,0,0,0,0,0
2279.58218,0,0,0,0,0,0,0,0
2277.6536,0,0,0,0,0,0,0,0
2275.72502,0,0,0,0,0,0,0,0
2273.79644,0,0,0,0,0,0,0,0
2271.86786,0,0,0,0,0,0,0,0
2269.93928,0,0,0,0,0,0,0,0
2268.0107,0,0,0,0,0,0,0,0
2266.08212,0,0,0,0,0,0,0,0
2264.15354,0,0,0,0,0,0,0,0
2262.22496,0,0,0,0,0,0,0,0
2260.29638,0,0,0,0,0,0,0,0
2258.3678,0,0,0,0,0,0,0,0
2256.43922,0,0,0,0,0,0,0,0
2254.51063,0,0,0,0,0,0,0,0
2252.58205,0,0,0,0,0,0,0,0
2250.65347,0,0,0,0,0,0,0,0
2248.72489,0,0,0,0,0,0,0,0
2246.79631,0,0,0,0,0,0,0,0
2244.86773,0,0,0,0,0,0,0,0
2242.93915,0,0,0,0,0,0,0,0
2241.01057,0,0,0,0,0,0,0,0
2239.08199,0,0,0,0,0,0,0,0
2237.15341,0,0,0,0,0,0,0,0
2235.22483,0,0,0,0,0,0,0,0
2233.29625,0,0,0,0,0,0,0,0
2231.36767,0,0,0,0,0,0,0,0
2229.43909,0,0,0,0,0,0,0,0
2227.51051,0,0,0,0,0,0,0,0
2225.58193,0,0,0,0,0,0,0,0
2223.65335,0,0,0,0,0,0,0,0
2221.72477,0,0,0,0,0,0,0,0
2219.79619,0,0,0,0,0,0,0,0
2217.8676,0,0,0,0,0,0,0,0
2215.93902,0,0,0,0,0,0,0,0
2214.01044,0,0,0,0,0,0,0,0
2212.08186,0,0,0,0,0,0,0,0
2210.15328,0,0,0,0,0,0,0,0
2208.2247,0,0,0,0,0,0,0,0
2206.29612,0,0,0,0,0,0,0,0
2204.36754,0,0,0,0,0,0,0,0
2202.43896,0,0,0,0,0,0,0,0
2200.51038,0,0,0,0,0,0,0,0
2198.5818,0,0,0,0,0,0,0,0
2196.65322,0,0,0,0,0,0,0,0
2194.72464,0,0,0,0,0,0,0,0
2192.79606,0,0,0,0,0,0,0,0
2190.86748,0,0,0,0,0,0,0,0
2188.9389,0,0,0,0,0,0,0,0
2187.01032,0,0,0,0,0,0,0,0
2185.08174,0,0,0,0,0,0,0,0
2183.15316,0,0,0,0,0,0,0,0
2181.22457,0,0,0,0,0,0,0,0
2179.29599,0,0,0,0,0,0,0,0
2177.36741,0,0,0,0,0,0,0,0
2175.43883,0,0,0,0,0,0,0,0
2173.51025,0,0,0,0,0,0,0,0
2171.58167,0,0,0,0,0,0,0,0
2169.65309,0,0,0,0,0,0,0,0
2167.72451,0,0,0,0,0,0,0,0
2165.79593,0,0,0,0,0,0,0,0
2163.86735,0,0,0,0,0,0,0,0
2161.93877,0,0,0,0,0,0,0,0
2160.01019,0,0,0,0,0,0,0,0
2158.08161,0,0,0,0,0,0,0,0
2156.15303,0,0,0,0,0,0,0,0
2154.22445,0,0,0,0,0,0,0,0
2152.29587,0,1,0,0,0,0,0,0
2150.36729,0,0,0,0,0,0,0,0
2148.43871,1,0,0,0,0,0,0,0
2146.51013,0,0,0,0,0,0,0,0
2144.58154,0,0,0,0,0,0,0,0
2142.65296,0,0,0,0,0,0,0,0
2140.72438,0,0,0,0,0,0,0,0
2138.7958,0,0,0,0,0,0,0,0
2136.86722,0,0,0,0,0,0,0,0
2134.93864,0,0,0,0,0,0,0,0
2133.01006,0,0,0,0,0,0,0,0
2131.08148,0,0,0,0,0,0,0,0
2129.1529,0,0,0,0,0,0,0,0
2127.22432,0,0,0,0,0,0,0,0
2125.29574,0,0,0,0,0,0,0,0
2123.36716,0,0,0,0,0,0,0,0
2121.43858,0,0,0,0,0,0,0,0
2119.51,0,0,0,0,0,0,0,0
2117.58142,0,0,0,0,0,0,0,0
2115.65284,0,0,0,0,0,0,0,0
2113.72426,0,0,0,0,0,0,0,0
2111.79568,0,0,0,0,0,0,0,0
2109.8671,0,0,0,0,0,0,0,0
2107.93851,0,0,0,0,0,0,0,0
2106.00993,0,0,0,0,0,0,0,0
2104.08135,0,0,0,0,0,0,0,0
2102.15277,0,0,0,0,0,0,0,0
2100.22419,0,0,0,0,0,0,0,0
2098.29561,0,0,0,0,0,0,0,0
2096.36703,0,0,0,0,0,0,0,0
2094.43845,0,0,0,0,0,0,0,0
2092.50987,0,0,0,0,0,0,0,0
2090.58129,0,0,0,0,0,0,0,0
2088.65271,0,0,0,0,0,0,0,0
2086.72413,0,0,0,0,0,0,0,0
2084.79555,0,0,0,0,0,0,0,0
2082.86697,0,0,0,0,0,0,0,0
2080.93839,0,0,0,0,0,0,0,0
2079.00981,0,0,0,0,0,0,0,0
2077.08123,0,0,0,0,0,0,0,0
2075.15265,0,0,0,0,0,0,0,0
2073.22407,0,0,0,0,0,0,0,0
2071.29548,0,0,0,0,0,0,0,0
2069.3669,0,0,0,0,0,0,0,0
2067.43832,0,0,0,0,0,0,0,0
2065.50974,0,0,0,0,0,0,0,0
2063.58116,0,0,0,0,0,0,0,0
2061.65258,0,0,0,0,0,0,0,0
2059.724,0,0,0,0,0,0,0,0
2057.79542,0,0,0,0,0,0,0,0
2055.86684,0,0,0,0,0,0,0,0
2053.93826,0,0,0,0,0,0,0,0
2052.00968,0,0,0,0,0,0,0,0
2050.0811,0,0,0,0,0,0,0,0
2048.15252,0,0,0,0,0,0,0,0
2046.22394,0,0,0,0,0,0,0,0
2044.29536,0,0,0,0,0,0,0,0
2042.36678,0,0,0,0,0,0,0,0
2040.4382,0,0,0,0,0,0,0,0
2038.50962,0,0,0,0,0,0,0,0
2036.58104,0,0,0,0,0,0,0,0
2034.65245,0,0,0,0,0,0,0,0
2032.72387,0,0,0,0,0,0,0,0
2030.79529,0,0,0,0,0,0,0,0
2028.86671,0,0,0,0,0,0,0,0
2026.93813,0,0,0,0,0,0,0,0
2025.00955,0,0,0,0,0,0,0,0
2023.08097,0,0,0,0,0,0,0,0
2021.15239,0,0,0,0,0,0,0,0
2019.22381,0,0,0,0,0,0,0,0
2017.29523,0,0,0,0,0,0,0,0
2015.36665,0,0,0,0,0,0,0,0
2013.43807,0,0,0,0,0,0,0,0
2011.50949,0,0,0,0,0,0,0,0
2009.58091,0,0,0,0,0,0,0,0
2007.65233,0,0,0,0,0,0,0,0
2005.72375,0,0,0,0,0,0,0,0
2003.79517,0,0,0,0,0,0,0,0
2001.86659,0,0,0,0,0,0,0,0
1999.93801,0,0,0,0,0,0,0,0
1998.00942,0,0,0,0,0,0,0,0
1996.08084,0,0,0,0,0,0,0,0
1994.15226,0,0,0,0,0,0,0,0
1992.22368,0,0,0,0,0,0,0,0
1990.2951,0,0,0,0,0,0,0,0
1988.36652,0,0,0,0,0,0,0,0
1986.43794,0,0,0,0,0,0,0,0
1984.50936,0,0,0,0,0,0,0,0
1982.58078,0,0,0,0,0,0,0,0
1980.6522,0,0,0,0,0,0,0,0
1978.72362,0,0,0,0,0,0,0,0
1976.79504,0,0,0,0,0,0,0,0
1974.86646,0,0,0,0,0,0,0,0
1972.93788,0,0,0,0,0,0,0,0
1971.0093,0,0,0,0,0,0,0,0
1969.08072,0,0,0,0,0,0,0,0
1967.15214,0,0,0,0,0,0,1,0
1965.22356,0,0,0,0,0,0,0,0
1963.29498,0,0,0,0,0,0,0,0
1961.36639,0,0,0,0,0,0,0,0
1959.43781,0,0,0,0,0,0,0,0
1957.50923,0,0,0,0,0,0,0,0
1955.58065,0,0,0,0,0,0,0,0
1953.65207,0,0,0,0,0,0,0,0
1951.72349,0,0,0,0,0,0,0,0
1949.79491,0,0,0,0,0,0,0,0
1947.86633,0,0,0,0,0,0,0,0
1945.93775,0,0,0,0,0,0,0,0
1944.00917,0,0,0,0,0,0,0,0
1942.08059,0,0,0,0,0,0,0,0
1940.15201,0,0,0,0,0,0,0,0
1938.22343,0,0,0,0,0,0,0,0
1936.29485,0,0,0,0,0,0,0,0
1934.36627,0,0,0,0,0,0,0,0
1932.43769,0,0,0,0,0,0,0,0
1930.50911,0,0,0,0,0,0,0,0
1928.58053,0,0,0,0,0,0,0,0
1926.65195,0,0,0,0,0,0,0,0
1924.72336,0,0,0,0,0,0,0,0
1922.79478,0,0,0,0,0,0,0,0
1920.8662,0,0,0,0,0,0,0,0
1918.93762,0,0,0,0,0,0,0,0
1917.00904,0,0,0,0,0,0,0,0
1915.08046,0,0,0,0,0,0,0,0
1913.15188,0,0,0,0,0,0,0,0
1911.2233,0,0,0,0,0,0,0,0
1909.29472,0,0,0,0,0,0,0,0
1907.36614,0,0,0,0,0,0,0,0
1905.43756,0,0,0,0,0,0,0,0
1903.50898,0,0,0,0,0,0,0,0
1901.5804,0,0,0,0,0,0,0,0
1899.65182,0,0,0,0,0,0,0,0
1897.72324,0,0,0,0,0,0,0,0
1895.79466,0,0,0,0,0,0,0,0
1893.86608,0,0,0,0,0,0,0,0
1891.9375,0,0,0,0,0,0,0,0
1890.00892,0,0,0,0,0,0,0,0
1888.08033,0,0,0,0,0,0,0,0
1886.15175,0,0,0,0,0,0,0,0
1884.22317,0,0,0,0,0,0,0,0
1882.29459,0,0,0,0,0,0,0,0
1880.36601,0,0,0,0,0,0,0,0
1878.43743,0,0,0,0,0,0,0,0
1876.50885,0,0,0,0,0,0,0,0
1874.58027,0,0,0,0,0,0,0,0
1872.65169,0,0,0,0,0,0,0,0
1870.72311,0,0,0,0,0,0,0,0
1868.79453,0,0,0,0,0,0,0,0
1866.86595,0,0,0,0,0,0,0,0
1864.93737,0,0,0,0,0,0,0,0
1863.00879,0,0,0,0,0,0,0,0
1861.08021,0,0,0,0,0,0,0,0
1859.15163,0,0,0,0,0,0,0,0
1857.22305,0,0,0,0,0,0,0,0
1855.29447,0,0,0,0,0,0,0,0
1853.36589,0,0,0,1,0,0,0,0
1851.4373,0,0,0,0,0,0,0,0
1849.50872,0,0,0,0,0,0,0,0
1847.58014,0,0,0,0,0,0,0,0
1845.65156,0,0,0,0,0,0,0,0
1843.72298,0,0,0,0,0,0,0,0
1841.7944,0,0,0,0,0,0,0,0
1839.86582,0,0,0,0,0,0,0,0
1837.93724,0,0,0,0,0,0,0,0
1836.00866,0,0,0,0,0,0,0,0
1834.08008,0,0,0,0,0,0,0,0
1832.1515,0,0,0,0,0,0,0,0
1830.22292,0,0,0,0,0,0,0,0
1828.29434,0,0,0,0,0,0,0,0
1826.36576,0,0,0,0,0,0,0,0
1824.43718,0,0,0,0,0,0,0,0
1822.5086,0,0,0,0,0,0,0,0
1820.58002,0,0,0,0,0,0,0,0
1818.65144,0,0,0,0,0,0,0,0
1816.72286,0,0,0,0,0,0,0,0
1814.79427,0,0,0,0,0,0,0,0
1812.86569,0,0,0,0,0,0,0,0
1810.93711,0,0,0,0,0,0,0,0
1809.00853,0,0,0,0,0,0,0,0
1807.07995,0,0,0,0,0,0,0,0
1805.15137,0,0,0,0,0,0,0,0
1803.22279,0,0,0,0,0,0,0,0
1801.29421,0,0,0,0,0,0,0,0
1799.36563,0,0,0,0,0,0,0,0
1797.43705,0,0,0,0,0,0,0,0
1795.50847,0,0,0,0,0,0,0,0
1793.57989,0,0,0,0,0,0,0,0
1791.65131,0,0,0,0,0,0,0,0
1789.72273,0,0,0,0,0,0,0,0
1787.79415,0,0,0,0,0,0,0,0
1785.86557,0,0,0,0,0,0,0,0
1783.93699,0,0,0,0,0,0,0,0
1782.00841,0,0,0,0,0,0,0,0
1780.07983,0,0,0,0,0,0,0,0
1778.15124,0,0,0,0,0,0,0,0
1776.22266,0,0,0,0,0,0,0,0
1774.29408,0,0,0,0,0,0,0,0
1772.3655,0,0,0,0,0,0,0,0
1770.43692,0,0,1,0,0,0,0,1
1768.50834,0,0,0,0,0,0,0,0
1766.57976,0,0,0,0,0,0,0,0
1764.65118,0,0,0,0,0,0,0,0
1762.7226,0,0,0,0,0,0,0,0
1760.79402,0,0,0,0,0,0,0,0
1758.86544,0,0,0,0,0,0,0,0
1756.93686,0,0,0,0,0,0,0,0
1755.00828,0,0,0,0,0,0,0,0
1753.0797,0,0,0,0,0,0,0,0
1751.15112,0,0,0,0,0,0,0,0
1749.22254,0,0,0,0,0,0,0,0
1747.29396,0,0,0,0,0,0,0,0
1745.36538,0,0,0,0,0,0,0,0
1743.4368,0,0,0,0,0,0,0,0
1741.50821,0,0,0,0,0,0,0,0
1739.57963,0,0,0,0,0,0,0,0
1737.65105,0,0,0,0,0,0,0,0
1735.72247,0,0,0,0,0,0,0,0
1733.79389,0,0,0,0,0,0,0,0
1731.86531,0,0,0,0,0,0,0,0
1729.93673,0,0,0,0,0,0,0,0
1728.00815,0,0,0,0,0,0,0,0
1726.07957,0,0,0,0,0,0,0,0
1724.15099,0,0,0,1,0,0,0,0
1722.22241,1,0,0,0,0,0,0,1
1720.29383,0,0,0,0,0,0,0,0
1718.36525,0,1,0,0,0,0,0,0
1716.43667,0,0,0,0,0,0,0,0
1714.50809,0,0,0,0,0,0,0,0
1712.57951,0,0,0,0,0,0,0,0
1710.65093,0,0,0,0,0,0,0,0
1708.72235,0,0,0,0,0,1,0,0
1706.79377,0,0,0,0,0,0,0,0
1704.86518,0,0,0,0,0,0,0,0
1702.9366,0,0,0,1,0,0,0,0
1701.00802,0,0,0,0,0,0,0,1
1699.07944,0,1,0,0,0,0,0,0
1697.15086,1,0,0,0,1,0,1,0
1695.22228,0,0,1,0,0,0,0,0
1693.2937,0,0,0,0,0,0,0,0
1691.36512,0,0,0,0,0,1,0,0
1689.43654,0,0,0,0,0,0,0,0
1687.50796,0,0,0,0,0,0,0,0
1685.57938,0,0,0,1,0,0,0,0
1683.6508,0,0,0,0,0,0,0,1
1681.72222,0,0,0,0,0,0,0,0
1679.79364,0,1,0,0,0,0,0,0
1677.86506,0,0,0,0,0,0,0,0
1675.93648,0,0,0,0,1,0,1,0
1674.0079,0,0,0,0,0,0,0,0
1672.07932,0,0,0,0,0,0,0,0
1670.15074,0,0,0,0,0,1,0,0
1668.22215,0,0,0,0,0,0,0,0
1666.29357,0,0,0,0,0,0,0,0
1664.36499,0,0,0,0,0,0,0,0
1662.43641,0,0,0,0,0,0,0,0
1660.50783,1,0,0,0,0,0,0,0
1658.57925,0,0,0,0,0,0,0,0
1656.65067,0,0,0,0,0,0,0,0
1654.72209,0,1,1,1,1,0,1,1
1652.79351,0,0,0,0,0,1,0,0
1650.86493,0,0,0,0,0,0,0,0
1648.93635,0,0,0,0,0,0,0,0
1647.00777,0,0,0,0,0,0,0,0
1645.07919,1,1,0,0,1,0,1,1
1643.15061,0,0,1,1,0,0,0,0
1641.22203,0,0,0,0,0,0,0,0
1639.29345,0,0,0,0,0,0,0,0
1637.36487,0,0,0,0,0,0,0,0
1635.43629,0,0,0,0,0,0,0,0
1633.50771,0,0,0,0,0,0,0,0
1631.57912,0,0,0,0,0,0,0,0
1629.65054,0,0,0,0,0,0,0,0
1627.72196,0,0,0,0,0,0,0,0
1625.79338,0,0,0,0,0,1,0,0
1623.8648,1,0,0,0,0,0,0,1
1621.93622,0,1,0,0,0,0,0,0
1620.00764,0,0,0,0,0,0,0,0
1618.07906,0,0,0,0,0,0,0,0
1616.15048,0,0,0,0,0,0,0,0
1614.2219,0,0,0,0,0,0,0,0
1612.29332,0,0,0,1,0,0,0,0
1610.36474,0,0,1,0,0,0,0,0
1608.43616,0,0,0,0,1,0,0,0
1606.50758,0,0,0,0,0,0,0,0
1604.579,0,0,0,0,0,0,1,0
1602.65042,0,0,0,0,0,0,0,0
1600.72184,0,0,0,0,0,0,0,0
1598.79326,0,0,0,0,0,0,0,0
1596.86468,0,0,0,0,0,0,0,0
1594.93609,0,0,0,0,0,0,0,0
1593.00751,0,0,0,0,0,0,0,0
1591.07893,0,0,0,0,0,0,0,0
1589.15035,0,0,0,0,0,0,0,0
1587.22177,0,0,0,0,0,0,0,0
1585.29319,0,0,0,0,0,0,0,0
1583.36461,0,0,0,0,0,0,0,0
1581.43603,0,0,0,0,0,0,0,0
1579.50745,0,0,0,0,0,0,0,0
1577.57887,0,0,0,0,0,0,0,0
1575.65029,0,0,0,0,0,0,0,0
1573.72171,0,0,1,0,0,0,0,0
1571.79313,0,0,0,0,0,0,0,0
1569.86455,0,0,0,0,0,0,0,0
1567.93597,0,0,0,0,0,0,0,0
1566.00739,0,0,0,0,0,0,0,0
1564.07881,0,0,0,0,0,0,0,0
1562.15023,0,0,0,0,0,0,0,0
1560.22165,0,0,0,0,0,0,0,0
1558.29306,0,0,0,0,0,0,0,0
1556.36448,0,0,0,0,0,0,0,0
1554.4359,0,0,0,0,0,0,0,0
1552.50732,0,0,0,0,0,0,0,0
1550.57874,0,0,0,0,0,0,0,0
1548.65016,0,0,0,0,0,0,0,0
1546.72158,0,0,0,0,0,0,0,0
1544.793,0,0,0,0,0,0,1,0
1542.86442,0,0,0,0,1,0,0,0
1540.93584,1,0,0,0,0,0,0,0
1539.00726,0,0,0,0,0,0,0,0
1537.07868,0,0,0,0,0,0,0,0
1535.1501,0,0,0,0,0,0,0,0
1533.22152,0,0,0,0,0,0,0,0
1531.29294,0,0,0,0,0,0,0,0
1529.36436,0,0,0,0,0,0,0,0
1527.43578,0,0,0,0,0,0,0,0
1525.5072,0,0,0,0,0,0,0,0
1523.57862,0,0,0,0,0,0,0,0
1521.65003,0,0,0,0,0,1,0,0
1519.72145,0,0,0,0,0,0,0,0
1517.79287,0,0,0,0,0,0,0,0
1515.86429,0,0,0,0,0,0,0,0
1513.93571,0,0,0,0,0,0,0,0
1512.00713,0,0,0,0,0,0,0,0
1510.07855,0,0,0,0,0,0,0,0
1508.14997,0,0,0,0,0,0,0,0
1506.22139,0,0,0,0,0,0,0,1
1504.29281,0,0,0,0,0,0,0,0
1502.36423,0,0,0,1,0,0,0,0
1500.43565,0,0,0,0,0,0,0,0
1498.50707,0,1,0,0,0,0,0,0
1496.57849,0,0,0,0,0,0,0,0
1494.64991,0,0,0,0,0,0,0,0
1492.72133,0,0,0,0,0,0,0,0
1490.79275,1,0,0,0,0,0,0,0
1488.86417,0,0,0,0,0,0,0,0
1486.93559,0,0,0,0,0,0,0,0
1485.007,0,0,1,0,0,0,0,0
1483.07842,0,0,0,0,0,0,0,0
1481.14984,0,0,0,0,0,0,0,0
1479.22126,0,0,0,0,0,0,0,0
1477.29268,0,0,0,1,0,0,0,0
1475.3641,0,0,0,0,0,1,0,0
1473.43552,0,0,0,0,0,0,0,1
1471.50694,0,0,0,0,1,0,1,0
1469.57836,0,1,0,0,0,0,0,0
1467.64978,0,0,0,0,0,0,0,0
1465.7212,0,0,0,0,0,0,0,0
1463.79262,0,0,0,0,0,0,0,0
1461.86404,0,0,0,0,0,0,0,0
1459.93546,0,0,0,0,0,0,0,0
1458.00688,1,0,0,0,0,0,0,0
1456.0783,0,0,0,0,0,0,0,0
1454.14972,0,0,0,0,0,0,0,0
1452.22114,0,0,1,0,0,0,0,0
1450.29256,0,0,0,0,0,0,0,0
1448.36397,0,0,0,0,0,0,0,0
1446.43539,0,0,0,0,0,0,0,0
1444.50681,0,0,0,0,0,0,0,0
1442.57823,0,0,0,0,0,0,0,0
1440.64965,0,0,0,0,0,0,0,0
1438.72107,0,0,0,0,0,0,0,0
1436.79249,0,0,0,0,0,0,0,0
1434.86391,0,0,0,0,0,0,0,0
1432.93533,0,0,0,0,0,0,0,0
1431.00675,0,0,0,0,0,0,0,0
1429.07817,0,0,0,0,0,0,0,0
1427.14959,0,0,0,0,0,0,0,0
1425.22101,0,0,0,0,0,0,0,0
1423.29243,0,0,0,0,0,0,0,0
1421.36385,0,0,0,0,0,0,0,0
1419.43527,0,0,0,0,0,0,0,0
1417.50669,0,0,0,0,0,0,0,0
1415.57811,0,0,0,0,0,0,0,0
1413.64953,0,0,0,0,0,0,0,0
1411.72094,0,0,0,0,0,0,0,0
1409.79236,0,0,0,0,0,0,0,0
1407.86378,0,0,0,0,0,0,0,0
1405.9352,0,0,0,0,0,0,0,0
1404.00662,0,0,0,1,0,0,0,0
1402.07804,0,0,0,0,0,0,0,0
1400.14946,0,0,0,0,0,0,0,0
1398.22088,0,0,0,0,0,0,0,0
1396.2923,0,0,0,0,0,0,0,0
1394.36372,0,0,0,0,0,0,0,0
1392.43514,0,0,0,0,0,0,0,0
1390.50656,0,0,0,0,0,0,0,0
1388.57798,0,0,0,0,0,0,0,0
1386.6494,0,0,0,0,0,0,0,0
1384.72082,0,0,0,0,0,0,0,0
1382.79224,0,0,0,0,0,0,0,0
1380.86366,0,0,0,0,0,0,0,0
1378.93508,0,0,0,0,0,0,0,0
1377.0065,0,0,0,0,0,0,0,0
1375.07791,0,0,0,0,0,0,0,0
1373.14933,0,0,0,0,0,0,0,0
1371.22075,0,0,0,0,0,0,0,0
1369.29217,0,0,0,0,0,0,0,0
1367.36359,0,0,0,0,0,0,0,0
1365.43501,0,0,0,0,0,0,0,0
1363.50643,0,0,0,0,0,0,0,0
1361.57785,1,0,0,0,0,0,0,0
1359.64927,0,0,0,0,0,0,0,0
1357.72069,0,0,0,0,0,0,0,0
1355.79211,0,0,0,0,0,0,0,0
1353.86353,0,0,0,0,0,0,0,0
1351.93495,0,0,0,0,0,1,0,0
1350.00637,0,0,0,0,0,0,0,0
1348.07779,0,1,0,0,0,0,0,0
1346.14921,0,0,0,0,0,0,0,0
1344.22063,0,0,0,0,0,0,0,0
1342.29205,0,0,0,0,0,0,0,0
1340.36347,0,0,0,0,0,0,0,0
1338.43488,0,0,0,0,0,0,0,0
1336.5063,0,0,0,0,0,0,0,0
1334.57772,0,0,0,0,0,0,0,0
1332.64914,0,0,0,0,0,0,0,1
1330.72056,0,0,0,0,0,0,0,0
1328.79198,0,0,0,0,0,0,0,0
1326.8634,0,0,0,0,0,0,0,0
1324.93482,0,0,0,0,0,0,0,0
1323.00624,0,0,0,0,0,0,0,0
1321.07766,0,0,0,0,0,0,0,0
1319.14908,0,0,0,0,0,0,0,0
1317.2205,0,0,0,0,0,0,0,0
1315.29192,0,0,0,0,0,0,0,0
1313.36334,0,0,0,0,0,0,1,0
1311.43476,0,0,0,0,0,0,0,0
1309.50618,0,0,0,0,0,0,0,0
1307.5776,0,0,0,0,0,0,0,0
1305.64902,0,0,0,0,0,0,0,0
1303.72044,0,0,0,0,0,0,0,0
1301.79185,0,0,0,0,1,0,0,0
1299.86327,0,0,0,0,0,0,0,0
1297.93469,0,0,0,0,0,0,0,0
1296.00611,0,0,0,0,0,0,0,0
1294.07753,0,0,0,0,0,0,0,0
1292.14895,0,0,0,0,0,0,0,0
1290.22037,0,0,0,0,0,0,0,0
1288.29179,0,0,0,0,0,0,0,0
1286.36321,0,0,0,0,0,0,0,0
1284.43463,0,0,0,0,0,0,0,0
1282.50605,0,0,0,0,0,0,0,0
1280.57747,0,0,0,0,0,0,0,0
1278.64889,0,0,0,0,0,0,0,0
1276.72031,0,0,0,0,0,0,0,0
1274.79173,0,0,0,0,0,0,0,0
1272.86315,0,0,0,0,0,0,0,0
1270.93457,0,0,0,0,0,0,0,0
1269.00599,0,0,0,0,0,0,0,0
1267.07741,0,0,0,0,0,0,0,0
1265.14882,0,0,0,0,0,0,0,0
1263.22024,0,0,0,0,0,0,0,0
1261.29166,0,0,0,0,0,0,0,0
1259.36308,0,0,0,0,0,0,0,0
1257.4345,0,0,0,0,0,0,0,0
1255.50592,0,0,0,0,0,0,0,0
1253.57734,0,0,0,0,0,0,0,0
1251.64876,0,0,0,0,0,0,0,0
1249.72018,0,0,0,0,0,0,0,0
1247.7916,0,0,0,0,0,0,0,0
1245.86302,0,0,0,0,0,0,0,0
1243.93444,0,0,0,0,0,0,0,0
1242.00586,0,0,0,0,0,0,0,0
1240.07728,0,0,0,0,0,1,0,0
1238.1487,0,0,0,0,0,0,0,0
1236.22012,0,0,0,1,0,0,0,1
1234.29154,0,0,0,0,0,0,0,0
1232.36296,0,0,0,0,1,0,1,0
1230.43438,0,0,0,0,0,0,0,0
1228.50579,0,1,0,0,0,0,0,0
1226.57721,1,0,0,0,0,0,0,0
1224.64863,0,0,0,0,0,0,0,0
1222.72005,0,0,0,0,0,0,0,0
1220.79147,0,0,0,0,0,0,0,0
1218.86289,0,0,1,0,0,0,0,0
1216.93431,0,0,0,0,0,0,0,0
1215.00573,0,0,0,0,0,1,0,0
1213.07715,0,0,0,0,0,0,0,0
1211.14857,0,0,0,1,0,0,0,1
1209.21999,0,0,0,0,0,0,0,0
1207.29141,0,0,0,0,0,0,1,0
1205.36283,0,0,0,0,0,0,0,0
1203.43425,0,1,0,0,0,0,0,0
1201.50567,1,0,0,0,1,0,0,0
1199.57709,0,0,0,0,0,0,0,0
1197.64851,0,0,0,0,0,0,0,0
1195.71993,0,0,0,0,0,0,0,0
1193.79135,0,0,1,0,0,0,0,0
1191.86276,0,0,0,0,0,0,0,0
1189.93418,0,0,0,0,0,1,0,0
1188.0056,0,0,0,0,0,0,0,0
1186.07702,0,0,0,1,0,0,0,1
1184.14844,0,0,0,0,0,0,0,0
1182.21986,0,0,0,0,0,0,0,0
1180.29128,0,0,0,0,0,0,0,0
1178.3627,0,1,0,0,1,0,0,0
1176.43412,0,0,0,0,0,0,1,0
1174.50554,0,0,0,0,0,0,0,0
1172.57696,0,0,1,0,0,0,0,0
1170.64838,0,0,0,0,0,0,0,0
1168.7198,1,0,0,1,0,0,0,1
1166.79122,0,0,0,0,0,1,0,0
1164.86264,0,1,0,0,1,0,0,0
1162.93406,0,0,0,0,0,0,1,0
1161.00548,0,0,1,0,0,0,0,0
1159.0769,0,0,0,0,0,0,0,0
1157.14832,0,0,0,0,0,0,0,0
1155.21974,0,0,0,0,0,1,0,0
1153.29115,0,1,0,0,0,0,0,0
1151.36257,0,0,0,0,0,0,0,0
1149.43399,0,0,0,0,0,0,0,0
1147.50541,0,0,0,1,0,0,0,0
1145.57683,0,0,0,0,0,0,0,1
1143.64825,1,0,0,0,1,0,0,0
1141.71967,0,0,0,0,0,0,1,0
1139.79109,0,1,0,0,0,0,0,0
1137.86251,0,0,0,0,0,0,0,0
1135.93393,0,0,0,0,0,0,0,0
1134.00535,0,0,0,1,0,0,0,0
1132.07677,0,0,0,0,0,0,0,0
1130.14819,0,0,0,0,0,0,0,1
1128.21961,0,0,0,0,1,0,0,0
1126.29103,0,0,0,0,0,0,1,0
1124.36245,0,0,0,0,0,0,0,0
1122.43387,0,0,0,0,0,0,0,0
1120.50529,0,0,0,0,0,0,0,0
1118.57671,0,0,0,0,0,0,0,0
1116.64812,0,0,0,0,0,0,0,0
1114.71954,0,0,0,0,0,0,0,0
1112.79096,0,0,0,0,0,0,0,0
1110.86238,0,0,0,0,0,0,0,0
1108.9338,0,0,0,0,0,0,0,0
1107.00522,0,0,0,0,0,0,0,0
1105.07664,0,1,0,0,0,0,0,0
1103.14806,0,0,0,0,0,0,0,0
1101.21948,0,0,0,0,0,0,0,0
1099.2909,0,0,0,0,0,0,0,0
1097.36232,0,0,0,0,0,0,0,0
1095.43374,0,0,0,0,0,0,0,0
1093.50516,0,0,0,0,0,0,0,1
1091.57658,0,0,0,0,0,0,0,0
1089.648,0,0,0,0,0,0,0,0
1087.71942,0,0,0,0,0,0,0,0
1085.79084,0,0,0,0,0,0,0,0
1083.86226,0,0,0,0,0,0,0,0
1081.93368,0,0,0,0,0,0,0,0
1080.00509,0,0,0,0,0,0,0,0
1078.07651,1,0,0,0,0,0,0,0
1076.14793,0,0,0,0,0,0,0,0
1074.21935,0,0,0,0,0,0,0,0
1072.29077,0,0,0,0,0,0,0,0
1070.36219,0,0,0,1,0,0,0,0
1068.43361,0,0,0,0,0,0,0,0
1066.50503,0,0,1,0,0,0,0,0
1064.57645,0,0,0,0,0,0,0,0
1062.64787,0,0,0,0,0,0,0,0
1060.71929,0,0,0,0,0,0,0,0
1058.79071,0,0,0,0,0,1,0,0
1056.86213,1,0,0,0,0,0,0,0
1054.93355,0,0,0,0,0,0,0,0
1053.00497,0,0,1,0,0,0,0,0
1051.07639,0,0,0,0,0,0,0,0
1049.14781,0,0,0,0,0,1,0,0
1047.21923,0,0,0,0,0,0,0,0
1045.29065,0,0,1,0,0,0,0,0
1043.36206,0,0,0,0,0,0,1,0
1041.43348,0,0,0,0,1,0,0,0
1039.5049,0,0,0,0,0,0,0,0
1037.57632,0,0,0,0,0,0,0,0
1035.64774,0,0,0,0,0,0,0,0
1033.71916,1,0,0,0,0,0,0,0
1031.79058,0,0,0,0,0,0,0,0
1029.862,0,0,0,1,0,0,0,0
1027.93342,0,0,0,0,0,0,0,0
1026.00484,0,0,0,0,0,0,0,0
1024.07626,0,0,0,0,0,0,0,0
1022.14768,0,0,0,0,0,0,0,0
1020.2191,0,0,0,0,0,0,0,1
1018.29052,0,0,0,0,0,0,0,0
1016.36194,0,0,0,0,0,0,0,0
1014.43336,0,0,0,0,0,0,0,0
1012.50478,0,0,1,0,0,0,0,0
1010.5762,0,0,0,0,0,0,1,0
1008.64762,0,0,0,0,1,0,0,0
1006.71903,0,0,0,0,0,0,0,0
1004.79045,0,0,0,0,0,1,0,0
1002.86187,0,0,0,0,0,0,0,0
1000.93329,0,0,0,0,0,0,0,0
999.00471,0,0,0,0,0,0,0,0
997.07613,0,0,0,0,0,0,0,0
995.14755,0,0,0,0,0,0,0,0
993.21897,0,0,0,0,0,0,0,0
991.29039,0,0,0,0,0,0,0,0
989.36181,0,0,0,0,0,0,0,0
987.43323,0,0,0,0,0,0,0,0
985.50465,0,0,0,0,0,0,0,0
983.57607,0,0,0,0,0,0,0,0
981.64749,0,0,0,0,0,0,0,0
979.71891,0,0,0,0,0,0,0,0
977.79033,1,0,0,0,0,0,0,0
975.86175,0,1,0,1,0,0,0,0
973.93317,0,0,0,0,0,0,0,0
972.00459,0,0,0,0,0,0,0,0
970.076,0,0,0,0,0,0,0,1
968.14742,0,0,0,0,0,0,0,0
966.21884,0,0,0,0,0,0,0,0
964.29026,0,0,0,0,0,0,0,0
962.36168,0,0,0,0,0,0,0,0
960.4331,0,0,0,0,0,0,0,0
958.50452,0,0,0,0,0,0,0,0
956.57594,0,0,0,0,0,0,0,0
954.64736,0,0,0,0,0,0,0,0
952.71878,0,0,0,0,0,0,0,0
950.7902,0,0,0,0,0,0,0,0
948.86162,0,0,0,0,0,0,0,0
946.93304,0,0,0,0,0,0,0,0
945.00446,0,0,0,0,0,0,0,0
943.07588,0,0,0,0,0,0,0,0
941.1473,0,0,0,0,0,0,0,0
939.21872,0,0,1,0,0,0,0,0
937.29014,0,0,0,0,0,0,0,0
935.36156,0,0,0,0,0,0,0,0
933.43297,0,0,0,0,0,0,0,0
931.50439,1,0,0,0,0,1,0,0
929.57581,0,0,0,0,0,0,0,0
927.64723,0,0,0,1,0,0,0,0
925.71865,0,0,0,0,0,0,0,0
923.79007,0,1,0,0,0,0,0,0
921.86149,0,0,0,0,0,0,0,0
919.93291,0,0,0,0,0,0,0,0
918.00433,0,0,0,0,0,0,0,0
916.07575,0,0,0,0,0,0,0,0
914.14717,0,0,0,0,0,0,0,1
912.21859,0,0,0,0,0,0,0,0
910.29001,0,0,0,0,0,0,0,0
908.36143,0,0,0,0,0,0,0,0
906.43285,0,0,0,0,0,0,0,0
904.50427,0,0,0,0,0,0,0,0
902.57569,0,0,0,0,0,0,0,0
900.64711,0,0,0,0,0,0,0,0
898.71853,0,0,0,0,0,0,0,0
896.78994,0,0,0,0,0,0,0,0
894.86136,0,0,0,0,0,0,0,0
892.93278,0,0,0,0,0,0,0,0
891.0042,0,0,0,0,0,0,0,0
889.07562,0,0,0,0,0,0,0,0
887.14704,0,0,0,0,0,0,0,0
885.21846,0,0,0,0,0,0,0,0
883.28988,0,0,0,0,0,0,0,0
881.3613,0,0,0,0,0,0,0,0
879.43272,0,0,0,0,0,0,0,0
877.50414,0,0,0,0,0,0,0,0
875.57556,0,0,0,0,0,0,0,0
873.64698,0,0,0,0,0,0,0,0
871.7184,0,0,0,0,0,0,0,0
869.78982,0,0,0,0,0,0,0,0
867.86124,0,0,0,0,0,0,0,0
865.93266,0,0,0,0,0,0,0,0
864.00408,0,0,0,0,1,0,0,0
862.0755,0,0,0,0,0,0,0,0
860.14691,0,0,0,0,0,0,0,0
858.21833,0,0,0,0,0,0,0,0
856.28975,0,0,0,0,0,0,0,0
854.36117,0,0,0,0,0,0,0,0
852.43259,0,0,0,0,0,0,0,0
850.50401,0,0,0,0,0,0,0,0
848.57543,0,0,0,0,0,0,0,0
846.64685,0,0,0,0,0,0,0,0
844.71827,0,0,0,0,0,0,1,0
842.78969,0,0,0,0,0,0,0,0
840.86111,0,0,0,0,0,0,0,0
838.93253,0,0,0,0,0,0,0,0
837.00395,0,0,0,0,0,0,0,0
835.07537,0,0,0,0,0,0,0,0
833.14679,0,0,0,0,0,0,0,0
831.21821,0,0,0,0,0,0,0,0
829.28963,0,0,0,0,0,0,0,0
827.36105,0,0,0,0,0,0,0,0
825.43247,1,0,0,0,0,0,0,1
823.50388,0,0,0,0,0,0,0,0
821.5753,0,0,0,0,0,0,0,0
819.64672,0,0,0,0,0,0,0,0
817.71814,0,0,0,0,0,0,0,0
815.78956,0,0,0,1,0,0,0,0
813.86098,0,0,1,0,0,0,0,0
811.9324,0,0,0,0,0,0,0,0
810.00382,0,0,0,0,0,0,0,0
808.07524,0,0,0,0,0,0,0,0
806.14666,0,0,0,0,0,0,0,0
804.21808,0,1,0,0,0,0,0,0
802.2895,0,0,0,0,0,0,0,0
800.36092,0,0,0,0,0,0,0,1
798.43234,0,0,0,0,0,0,0,0
796.50376,0,0,0,0,0,0,0,0
794.57518,0,0,0,0,0,0,0,0
792.6466,0,0,0,0,0,0,0,0
790.71802,0,0,0,0,0,0,0,0
788.78944,0,0,0,0,1,0,0,0
786.86085,0,0,0,0,0,0,0,0
784.93227,0,0,0,0,0,0,0,0
783.00369,0,0,0,0,0,0,0,0
781.07511,0,0,0,0,0,1,0,0
779.14653,0,0,0,0,0,0,0,0
777.21795,0,0,0,0,0,0,0,0
775.28937,0,0,0,0,0,0,0,0
773.36079,0,0,0,0,0,0,0,0
771.43221,0,0,0,0,0,0,0,0
769.50363,0,0,0,0,0,0,0,0
767.57505,1,0,0,0,0,0,1,0
765.64647,0,0,0,0,0,0,0,0
763.71789,0,0,0,0,0,0,0,0
761.78931,0,0,0,0,0,0,0,0
759.86073,0,0,0,0,0,0,0,0
757.93215,0,0,0,1,0,0,0,0
756.00357,0,0,0,0,0,0,0,0
754.07499,0,0,0,0,0,0,0,0
752.14641,0,0,1,0,0,0,0,0
750.21782,0,0,0,0,0,0,0,0
748.28924,0,0,0,0,0,0,0,0
746.36066,0,0,0,0,0,0,0,0
744.43208,0,0,0,0,0,0,0,0
742.5035,0,0,0,0,0,0,0,0
740.57492,0,0,0,0,0,0,0,0
738.64634,0,0,0,0,0,0,0,0
736.71776,0,1,0,0,0,0,0,0
734.78918,0,0,0,0,0,0,0,0
732.8606,0,0,0,0,0,0,0,1
730.93202,0,0,0,0,0,0,0,0
729.00344,0,0,0,0,0,0,0,0
727.07486,0,0,0,0,0,0,0,0
725.14628,0,0,0,0,0,0,0,0
723.2177,0,0,0,0,0,0,0,0
721.28912,0,0,0,0,1,0,0,0
719.36054,0,0,0,0,0,0,0,0
717.43196,0,0,0,0,0,0,0,0
715.50338,0,0,0,0,0,1,0,0
713.57479,0,0,0,0,0,0,0,0
711.64621,0,0,0,0,0,0,0,0
709.71763,1,0,0,0,0,0,1,0
707.78905,0,0,0,0,0,0,0,0
705.86047,0,0,0,0,0,0,0,0
703.93189,0,0,0,1,0,0,0,0
702.00331,0,0,0,0,0,0,0,0
700.07473,0,0,1,0,0,0,0,0
698.14615,0,0,0,0,0,0,0,0
696.21757,0,0,0,0,0,0,0,0
694.28899,0,0,0,0,0,0,0,0
692.36041,0,0,0,0,0,0,0,0
690.43183,0,0,0,0,0,0,0,0
688.50325,0,0,0,0,0,0,0,1
686.57467,0,0,0,0,0,0,0,0
684.64609,0,0,0,0,0,0,0,0
682.71751,0,0,0,0,0,0,0,0
680.78893,0,0,0,0,1,0,0,0
678.86035,0,0,0,0,0,0,0,0
676.93176,0,0,0,0,0,0,0,0
675.00318,0,0,0,0,0,1,0,0
673.0746,0,0,0,0,0,0,0,0
671.14602,0,0,0,0,0,0,0,0
669.21744,0,1,0,0,0,0,0,0
667.28886,1,0,0,0,0,0,1,0
665.36028,0,0,0,0,0,0,0,0
663.4317,0,0,0,0,0,0,0,0
661.50312,0,0,0,0,0,0,0,0
659.57454,0,0,0,0,0,0,0,0
657.64596,0,0,0,0,0,0,0,0
655.71738,0,0,0,0,0,0,0,0
653.7888,0,0,1,0,0,0,0,0
651.86022,0,0,0,0,0,0,0,0
649.93164,0,0,0,0,0,0,0,0
648.00306,0,0,0,0,0,0,0,0
646.07448,0,0,0,0,0,0,0,0
644.1459,0,0,0,0,0,0,0,1
642.21732,0,0,0,0,0,0,0,0
640.28873,0,0,0,0,1,0,0,0
638.36015,0,0,0,0,0,0,0,0
636.43157,0,0,0,0,0,0,0,0
634.50299,0,0,0,0,0,0,1,0
632.57441,0,0,0,0,0,0,0,0
630.64583,0,0,0,0,0,0,0,0
628.71725,0,0,0,0,0,0,0,0
626.78867,0,0,0,0,0,0,0,0
624.86009,0,0,0,0,0,0,0,0
622.93151,0,0,0,0,0,0,0,1
621.00293,0,0,0,0,0,0,0,0
619.07435,0,0,0,0,0,0,0,0
617.14577,0,0,0,1,0,0,0,0
615.21719,0,0,0,0,0,0,0,0
613.28861,0,0,0,0,0,0,0,0
611.36003,0,0,0,0,0,0,0,0
609.43145,0,0,0,0,0,0,0,0
607.50287,0,0,0,0,1,0,0,0
605.57429,0,0,0,0,0,0,0,0
603.6457,0,0,0,0,0,0,0,0
601.71712,0,0,0,0,0,0,0,0
599.78854,0,0,0,0,0,0,0,0
597.85996,0,0,0,0,0,0,0,0
595.93138,0,0,0,0,0,0,0,0
594.0028,0,0,0,0,0,0,0,0
592.07422,0,0,0,0,0,0,0,0
590.14564,0,1,0,0,0,0,0,0
588.21706,0,0,0,0,0,0,0,0
586.28848,0,0,1,0,0,0,0,0
584.3599,0,0,0,0,0,0,0,0
582.43132,0,0,0,0,0,0,0,0
580.50274,0,0,0,0,0,0,1,0
578.57416,0,0,0,0,0,0,0,0
576.64558,0,0,0,0,0,1,0,0
574.717,0,0,0,0,0,0,0,0
572.78842,0,0,0,0,0,0,0,0
570.85984,0,0,0,0,0,0,0,0
568.93126,0,0,0,0,0,0,0,0
567.00267,0,0,0,0,0,0,0,0
565.07409,0,0,0,0,0,0,0,0
563.14551,0,0,0,0,0,0,0,0
561.21693,1,0,0,0,0,0,0,0
559.28835,0,0,0,0,0,0,0,0
557.35977,0,0,0,0,0,0,0,0
555.43119,0,0,0,0,0,0,0,0
553.50261,0,0,0,0,0,0,0,0
551.57403,0,0,0,0,0,0,0,0
549.64545,0,0,0,0,0,0,0,0
547.71687,0,0,0,0,0,0,0,0
545.78829,0,0,0,0,0,0,0,0
543.85971,0,0,0,0,0,0,0,0
541.93113,0,0,0,0,0,0,0,0
540.00255,0,0,0,0,0,0,0,0
538.07397,0,0,0,0,0,0,0,0
536.14539,0,0,0,0,0,0,0,0
534.21681,0,0,0,0,0,0,0,0
532.28823,0,0,0,0,0,0,0,0
530.35964,0,0,0,0,0,0,0,0
528.43106,0,0,0,0,0,0,0,0
526.50248,0,0,0,0,0,0,0,0
524.5739,0,0,0,0,0,0,0,0
522.64532,0,0,0,0,0,0,0,0
520.71674,0,0,0,0,0,0,0,0
518.78816,0,0,0,0,0,0,0,0
516.85958,0,0,0,0,0,0,0,0
514.931,0,0,0,0,0,0,0,0
513.00242,0,0,0,1,0,1,0,0
511.07384,1,0,0,0,0,0,0,0
509.14526,0,1,0,0,0,0,0,0
507.21668,0,0,0,0,0,0,0,0
505.2881,0,0,0,0,0,0,0,0
503.35952,0,0,0,0,0,0,0,0
501.43094,0,0,0,0,0,0,1,0
499.50236,1,0,0,1,0,1,0,0
497.57378,0,0,0,0,1,0,0,0
495.6452,0,1,0,0,0,0,0,0
493.71661,0,0,0,0,0,0,0,0
491.78803,0,0,0,0,0,0,0,0
489.85945,0,0,0,0,0,0,0,0
487.93087,0,0,1,0,0,0,0,1
486.00229,0,0,0,0,0,0,0,0
484.07371,1,0,0,0,0,1,1,0
482.14513,0,0,0,0,0,0,0,0
480.21655,0,1,0,1,1,0,0,0
478.28797,0,0,0,0,0,0,0,0
476.35939,0,0,0,0,0,0,0,0
474.43081,0,0,0,0,0,0,0,0
472.50223,0,0,1,0,0,0,0,1
470.57365,0,0,0,0,0,0,0,0
468.64507,0,0,0,0,0,0,0,0
466.71649,0,0,0,0,0,0,1,0
464.78791,0,0,0,0,0,0,0,0
462.85933,0,0,0,0,0,0,0,0
460.93075,0,0,0,1,1,0,0,0
459.00217,0,0,0,0,0,0,0,0
457.07358,1,1,1,0,0,0,0,1
455.145,0,0,0,0,0,0,0,0
453.21642,0,0,0,0,0,1,0,0
451.28784,0,0,0,0,0,0,0,0
449.35926,0,0,0,0,0,0,0,0
447.43068,0,0,0,0,0,0,1,0
445.5021,1,1,1,0,1,0,0,1
443.57352,0,0,0,0,0,0,0,0
441.64494,0,0,0,1,0,0,0,0
439.71636,0,0,0,0,0,1,0,0
437.78778,1,1,1,0,1,0,1,1
435.8592,0,0,0,1,0,0,0,0
433.93062,0,0,0,0,0,1,0,0
432.00204,1,1,1,0,1,0,1,1
430.07346,0,0,0,0,0,0,0,0
428.14488,0,0,0,0,0,1,0,0
426.2163,1,1,1,1,1,0,1,1
424.28772,0,0,0,0,0,1,0,0
422.35914,1,1,1,1,1,0,1,1
420.43055,0,0,0,0,0,1,0,0
418.50197,1,1,1,0,0,0,1,0
416.57339,0,0,0,1,1,1,0,1
414.64481,1,1,1,0,0,0,1,0
412.71623,0,0,0,1,1,1,0,1
410.78765,1,0,1,0,0,0,1,0
408.85907,0,1,0,1,1,1,0,1
406.93049,1,0,1,0,0,0,1,0
405.00191,0,1,0,1,1,1,0,1
403.07333,1,0,1,0,0,0,1,0
401.14475,1,1,1,1,1,1,1,1
399.21617,1,1,1,1,1,1,1,1
